Database,Keyword,Tags,Seed keyword,Page,Topic,Page type,Volume,Keyword Difficulty,CPC (USD),Competitive Density,Number of Results,Intent,SERP Features,Trend,Click potential,Content reference 1,Content reference 2,Content reference 3,Content reference 4,Content reference 5,Content reference 6,Content reference 7,Content reference 8,Content reference 9,Content reference 10,Competitor on TOP 10 #1,Competitor on TOP 10 #2,Competitor on TOP 10 #3,Competitor on TOP 10 #4,Competitor on TOP 10 #5,Competitor on TOP 10 #6,Competitor on TOP 10 #7,Competitor on TOP 10 #8,Competitor on TOP 10 #9,Competitor on TOP 10 #10
au,carpenters in sydney,2,framing Carpenter,(non-clustered),2,2,260,36,3,0.62,0,Commercial,"Local Pack, Video, Related Searches","0.36,0.29,0.36,0.44,0.66,0.36,0.36,0.66,0.29,0.29,0.19,0.29",90,,,,,,,,,,,,,,,,,,,,
au,carpentry companies sydney,2,framing Carpenter,(non-clustered),2,2,140,38,6.72,0.73,126,Commercial,"Local Pack, Video, Related Searches","0.08,0.08,0.05,0.04,0.03,0.08,0.08,0.07,0.07,0.05,0.05,0.07",90,,,,,,,,,,,,,,,,,,,,
au,carpentry company sydney,2,framing Carpenter,(non-clustered),2,2,70,36,6.72,0.73,2460000,Commercial,"Related Searches, Local Pack, Image","0.04,0.04,0.04,0.00,0.04,0.80,0.80,1.00,0.66,0.52,0.23,0.23",90,,,,,,,,,,,,,,,,,,,,
au,carpentry companies in sydney,2,framing Carpenter,(non-clustered),2,2,50,35,6.72,0.73,2020000,Commercial,"Local Pack, Image, Related Searches","0.00,0.00,0.04,0.09,0.04,0.33,0.33,1.00,0.23,0.23,0.33,0.23",90,,,,,,,,,,,,,,,,,,,,
au,deck builders,2,deck builder,(non-clustered),2,2,590,38,2.69,0.17,62100000,Commercial,"Image, Related Searches, Local Pack, Video","0.48,0.39,0.21,0.72,0.21,1.00,1.00,0.88,0.72,0.88,1.00,0.88",75,,,,,,,,,,,,,,,,,,,,
au,sydney deck builders,2,deck builder,(non-clustered),2,2,170,30,6.54,0.14,1280000,Commercial,"Image, People Also Ask, Related Searches, Local Pack","0.09,0.09,0.06,0.09,0.05,0.44,0.36,1.00,0.23,0.36,0.19,0.29",90,,,,,,,,,,,,,,,,,,,,
au,structural wall removal,2,structural wall removal,(non-clustered),2,2,260,20,3.03,0.44,114000000,Commercial,"Local Pack, Site Links, Video, Video Carousel, Related Searches, Discussions And Forums","0.43,0.53,0.66,1.00,0.53,1.00,0.82,1.00,0.53,0.43,0.53,0.53",20,,,,,,,,,,,,,,,,,,,,
au,cost to remove structural wall,2,structural wall removal,(non-clustered),2,2,20,0,1.75,0.33,0,2,2,"0.07,0.07,0.07,0.07,0.07,0.07,0.07,0.07,0.07,0.07,0.07,0.07",0,,,,,,,,,,,,,,,,,,,,
au,steel frame vs timber frame,2,timber framing,(non-clustered),2,2,140,5,0.27,0.09,68800000,"Informational, Commercial","Related Searches, Discussions And Forums, AI Overview, Site Links, Video, Video Carousel","0.43,0.43,0.23,0.17,0.28,0.43,0.43,0.43,0.28,0.28,0.17,0.23",20,,,,,,,,,,,,,,,,,,,,
au,deck builder in ryde,2,deck builder ryde,(non-clustered),2,2,0,0,0,0,0,2,2,"0.00,0.00,0.00,0.00,0.00,0.00,0.00,0.00,0.00,0.00,0.00,0.00",0,,,,,,,,,,,,,,,,,,,,
au,timber decks builders chatswood,2,deck builder chatswood,(non-clustered),2,2,0,0,0,0,0,2,2,"0.00,0.00,0.00,0.00,0.00,0.00,0.00,0.00,0.00,0.00,0.00,0.00",0,,,,,,,,,,,,,,,,,,,,
au,structural framing service,2,roof framing,(non-clustered),2,2,260,18,0,0,141,Informational,"Local Pack, Video, Related Searches, AI Overview","0.54,1.00,0.01,0.03,0.03,0.03,0.02",90,,,,,,,,,,,,,,,,,,,,
au,house frames,2,roof framing,(non-clustered),2,2,170,29,1.78,0.06,224,Informational,"Related Searches, Image Pack, Site Links, Video, Video Carousel, People Also Ask","0.23,0.19,0.15,0.19,0.19,0.23,0.10,0.19,0.23,0.19,0.19,0.23",20,,,,,,,,,,,,,,,,,,,,
au,house framing,2,roof framing,(non-clustered),2,2,170,14,2.38,0.08,168000000,Informational,"Image, Video Carousel, People Also Ask, Related Searches, AI Overview, Video","0.17,0.17,0.39,0.11,0.14,0.14,0.17,0.32,0.14,0.17,0.09,0.21",75,,,,,,,,,,,,,,,,,,,,
au,pergola builders sydney,2,Pergola Builder Sydney,(non-clustered),2,2,260,21,4.95,0.19,476000,Commercial,"Local Pack, Video, Related Searches","0.18,0.18,0.14,0.14,0.14,0.81,1.00,0.81,1.00,0.66,1.00,1.00",90,,,,,,,,,,,,,,,,,,,,
au,pergola builder sydney,2,Pergola Builder Sydney,(non-clustered),2,2,210,30,0,0.03,2340000,Commercial,"Local Pack, Video, Image, Related Searches","0.04,0.22,0.22,0.22,0.04,0.54,0.66,0.81,0.81,1.00,0.81,0.81",90,,,,,,,,,,,,,,,,,,,,
au,sydney pergola builders,2,Pergola Builder Sydney,(non-clustered),2,2,170,41,4.95,0.19,0,Commercial,"Image, Related Searches, Local Pack","0.53,0.80,0.65,0.65,0.34,0.65,0.80,0.80,0.80,0.65,0.65,0.65",90,,,,,,,,,,,,,,,,,,,,
au,deck and pergola builders sydney,2,Pergola Builder Sydney,(non-clustered),2,2,20,0,0,0,0,2,2,"0.00,0.00,0.00,0.00,0.00,1.00,1.00,1.00,1.00,1.00,1.00,1.00",0,,,,,,,,,,,,,,,,,,,,
au,sydney pergola builder,2,Pergola Builder Sydney,(non-clustered),2,2,20,0,4.95,0.19,0,2,2,"0.40,0.40,0.20,0.40,0.20,0.80,1.00,0.60,0.40,0.20,0.00,0.00",0,,,,,,,,,,,,,,,,,,,,
au,pergolas builders sydney,2,Pergola Builder Sydney,(non-clustered),2,2,10,0,4.95,0.19,0,2,2,"0.00,0.00,0.00,0.00,0.00,0.50,0.50,0.50,0.50,1.00,0.00,0.00",0,,,,,,,,,,,,,,,,,,,,
au,sydney pergolas builder,2,Pergola Builder Sydney,(non-clustered),2,2,10,0,0,0,0,2,2,"0.50,0.50,0.50,1.00,0.00,0.00",0,,,,,,,,,,,,,,,,,,,,
au,timber wall frames sydney,2,Timber Framing Sydney,(non-clustered),2,2,20,0,0,0,0,2,2,"0.40,0.40,0.40,0.40,0.40,1.00,0.40,0.20,0.20,0.40,0.40,0.20",0,,,,,,,,,,,,,,,,,,,,
au,timber framing sydney,2,Timber Framing Sydney,(non-clustered),2,2,20,0,0,0.95,0,2,2,"0.14,0.14,0.14,0.14,0.14,0.14,0.14,0.14,0.14,0.14,0.14,0.14",0,,,,,,,,,,,,,,,,,,,,
au,timber frames sydney,2,Timber Framing Sydney,(non-clustered),2,2,20,0,0,0.99,0,2,2,"0.66,0.66,0.66,0.66,0.66,0.66,0.00,0.66,0.66,0.66,0.66,0.66",0,,,,,,,,,,,,,,,,,,,,
au,deck builders sydney,2,Deck Builder Sydney,(non-clustered),2,2,480,15,4.49,0.13,3000000,Commercial,"Video, Image, People Also Ask, Related Searches, Local Pack","0.39,0.17,0.14,0.14,0.17,1.00,1.00,0.72,0.59,0.72,0.72,0.72",90,,,,,,,,,,,,,,,,,,,,
au,deck builder sydney,2,Deck Builder Sydney,(non-clustered),2,2,390,24,4.49,0.13,4130000,Commercial,"Image, People Also Ask, Related Searches, Local Pack, Site Links, Video","0.12,0.12,0.66,0.66,0.09,1.00,1.00,0.81,0.81,0.81,0.81,0.81",20,,,,,,,,,,,,,,,,,,,,
au,decking builder sydney,2,Deck Builder Sydney,(non-clustered),2,2,40,0,5.73,0.21,0,2,2,"0.00,0.00,0.00,0.09,0.09,0.81,1.00,0.81,0.36,0.45,0.45,0.45",0,,,,,,,,,,,,,,,,,,,,
au,decking builders sydney,2,Deck Builder Sydney,(non-clustered),2,2,40,19,4.49,0.13,3280000,Commercial,"Local Pack, Video, Related Searches","0.00,0.00,0.07,0.00,0.07,0.64,1.00,0.64,0.35,0.35,0.50,0.64",90,,,,,,,,,,,,,,,,,,,,
au,timber deck builders sydney,2,Deck Builder Sydney,(non-clustered),2,2,40,0,0,0.33,0,2,2,"0.40,0.40,0.40,0.40,0.20,0.80,1.00,0.60,1.00,1.00,0.80,1.00",0,,,,,,,,,,,,,,,,,,,,
au,composite deck builders sydney,2,Deck Builder Sydney,(non-clustered),2,2,30,0,0,0,0,2,2,"0.00,0.00,0.00,0.60,0.80,0.80,1.00,0.80,0.80,1.00",0,,,,,,,,,,,,,,,,,,,,
au,sydney deck builder,2,Deck Builder Sydney,(non-clustered),2,2,30,0,5.73,0.21,0,2,2,"0.00,0.20,0.20,0.00,0.40,0.80,1.00,0.80,1.00,1.00,1.00,1.00",0,,,,,,,,,,,,,,,,,,,,
au,pool deck builder in sydney,2,Deck Builder Sydney,(non-clustered),2,2,20,0,0,0,0,2,2,1.00,0,,,,,,,,,,,,,,,,,,,,
au,pool deck builders sydney,2,Deck Builder Sydney,(non-clustered),2,2,20,0,0,0.04,0,2,2,"0.66,0.66,0.66,0.66,0.66,0.66,0.66,0.66,0.66,0.66,0.66,0.66",0,,,,,,,,,,,,,,,,,,,,
au,sydney decking builder,2,Deck Builder Sydney,(non-clustered),2,2,20,0,0,0,0,2,2,"0.00,0.00,0.00,0.00,0.00,0.75,0.75,1.00,1.00,1.00,1.00,1.00",0,,,,,,,,,,,,,,,,,,,,
au,best deck builder sydney,2,Deck Builder Sydney,(non-clustered),2,2,0,0,0,0,0,2,2,"0.00,0.00,0.00,0.00,0.00,0.00,0.00,0.00,0.00,0.00,0.00,0.00",0,,,,,,,,,,,,,,,,,,,,
au,fix out carpenter sydney,2,Fix Out Carpenter Sydney,(non-clustered),2,2,20,0,0,0.33,0,2,2,"0.28,0.28,0.28,0.00,0.28,0.00,0.00,0.28,0.28,0.28,0.28,0.28",0,,,,,,,,,,,,,,,,,,,,
au,sydney best carpentry & renovations,2,Renovation Carpentry Sydney,(non-clustered),2,2,10,0,0,0,0,2,2,"0.00,1.00,0.33,0.33,0.00,0.00,0.00,0.00,0.00",0,,,,,,,,,,,,,,,,,,,,
au,load bearing wall removal sydney,2,load bearing wall removal sydney,(non-clustered),2,2,20,0,2.75,1,0,2,2,"0.66,0.66,0.66,0.66,0.66,0.66,0.66,0.66,0.66,0.66,0.66,0.66",0,,,,,,,,,,,,,,,,,,,,
au,load bearing wall removal cost sydney,2,load bearing wall removal sydney,(non-clustered),2,2,0,0,0,0,0,2,2,"0.00,0.00,0.00,0.00,0.00,0.00,0.00,0.00,0.00,0.00,0.00,0.00",0,,,,,,,,,,,,,,,,,,,,
au,sydney cost of removing internal load bearing wall,2,load bearing wall removal sydney,(non-clustered),2,2,0,0,0,0,0,2,2,"0.00,0.00,0.00,0.00,0.00,0.00,0.00,0.00,0.00,0.00,0.00,0.00",0,,,,,,,,,,,,,,,,,,,,
au,structural wall removal sydney,2,structural wall removal sydney,(non-clustered),2,2,0,0,0,0,0,2,2,"0.00,0.00,0.00,0.00,0.00,0.00,0.00,0.00,0.00,0.00,0.00,0.00",0,,,,,,,,,,,,,,,,,,,,
au,carpentry services sydney,2,carpentry services sydney,(non-clustered),2,2,140,33,2.14,0.33,1430000,Commercial,"Local Pack, Image, People Also Ask, Related Searches","0.06,0.09,0.06,0.06,0.09,1.00,1.00,1.00,0.81,0.81,0.65,0.81",90,,,,,,,,,,,,,,,,,,,,
au,sydney carpentry and building services,2,carpentry services sydney,(non-clustered),2,2,40,0,0,0,0,2,2,"0.18,0.18,0.18,0.18,0.18,0.27,0.36,1.00,0.36,0.45,0.36,0.45",0,,,,,,,,,,,,,,,,,,,,
au,carpentry service sydney,2,carpentry services sydney,(non-clustered),2,2,10,0,0,0,0,2,2,"0.00,0.00,0.33,0.33,0.33,1.00,1.00,0.33,0.00,0.00,0.00,0.00",0,,,,,,,,,,,,,,,,,,,,
au,sydney carpentry services,2,carpentry services sydney,(non-clustered),2,2,10,0,2.69,0.13,0,2,2,"0.00,0.33,0.33,0.33,0.33,1.00,1.00,0.66,0.33,0.00,0.00,0.00",0,,,,,,,,,,,,,,,,,,,,
au,composite decking sydney,2,decking sydney,(non-clustered),2,2,880,26,3.82,0.95,181,Commercial,"Video, Related Searches, Local Pack, Site Links","0.30,0.30,0.24,0.30,0.24,0.76,1.00,1.00,1.00,1.00,1.00,1.00",20,,,,,,,,,,,,,,,,,,,,
au,decking sydney,2,decking sydney,(non-clustered),2,2,720,30,4.76,0.33,2530000,Commercial,"Local Pack, Site Links, Video, People Also Ask, Related Searches","0.48,0.48,0.59,0.48,0.21,1.00,1.00,0.72,0.72,0.88,0.88,1.00",20,,,,,,,,,,,,,,,,,,,,
au,timber decking sydney,2,decking sydney,(non-clustered),2,2,390,17,2.21,0.39,1480000,Commercial,"Local Pack, Site Links, Video, Related Searches","0.29,0.29,0.36,0.19,0.15,1.00,1.00,0.54,0.44,0.81,0.81,1.00",20,,,,,,,,,,,,,,,,,,,,
au,deck restoration sydney,2,decking sydney,(non-clustered),2,2,320,12,2.83,0.19,2240000,Commercial,"Related Searches, Local Pack, Video, People Also Ask","0.04,0.05,0.05,0.03,0.02,0.20,0.20,0.16,0.20,0.24,0.24,0.24",90,,,,,,,,,,,,,,,,,,,,
au,composite timber decking sydney,2,decking sydney,(non-clustered),2,2,260,32,3.82,0.95,671000,Commercial,"Site Links, Video, Image, Popular Products, Related Searches, Local Pack","0.54,0.35,1.00,0.81,0.54,0.35,0.43,1.00,0.43,0.43,0.35,0.43",20,,,,,,,,,,,,,,,,,,,,
au,deck sanding sydney,2,decking sydney,(non-clustered),2,2,210,7,3.63,0.11,469000,Commercial,"Knowledge Panel, Video, People Also Ask, Related Searches","0.10,0.14,0.10,0.04,0.14,0.81,0.81,0.66,1.00,0.81,0.81,0.81",70,,,,,,,,,,,,,,,,,,,,
au,decks and pergolas sydney,2,decking sydney,(non-clustered),2,2,140,40,4.79,0.44,171000,Commercial,"Local Pack, Video, Related Searches","0.42,0.42,0.42,0.42,0.19,0.65,1.00,0.80,0.42,0.42,0.53,0.42",90,,,,,,,,,,,,,,,,,,,,
au,decks sydney,2,decking sydney,(non-clustered),2,2,140,35,3.67,0.41,11900000,Commercial,"Related Searches, Local Pack, Site Links, Video","0.42,0.42,0.53,0.42,0.34,1.00,1.00,0.65,0.53,0.53,0.53,1.00",20,,,,,,,,,,,,,,,,,,,,
au,deck repair sydney,2,decking sydney,(non-clustered),2,2,140,5,3.4,0.16,135,Commercial,"People Also Ask, Related Searches, Discussions And Forums, Local Pack, Video, Image","0.15,0.15,0.21,0.15,0.09,0.65,0.81,0.65,0.81,1.00,1.00,1.00",90,,,,,,,,,,,,,,,,,,,,
au,deck maintenance sydney,2,decking sydney,(non-clustered),2,2,170,5,0,0.05,0,Commercial,"Local Pack, Video, Related Searches, Discussions And Forums","0.05,0.28,0.05,0.05,0.05,0.53,0.66,0.82,0.66,0.82,0.82,1.00",90,,,,,,,,,,,,,,,,,,,,
au,deck oiling sydney,2,decking sydney,(non-clustered),2,2,110,10,0,0.05,0,Informational,"Knowledge Panel, Site Links, Video, Related Searches","0.07,0.07,0.07,0.07,0.26,0.65,0.80,0.53,0.80,1.00,0.80,1.00",20,,,,,,,,,,,,,,,,,,,,
au,deck repairs sydney,2,decking sydney,(non-clustered),2,2,110,25,5.51,0.18,0,Commercial,"Related Searches, Discussions And Forums, Local Pack, Video","0.19,0.19,0.26,0.15,0.07,0.53,0.80,0.80,0.80,1.00,0.80,1.00",90,,,,,,,,,,,,,,,,,,,,
au,timber deck repairs sydney,2,decking sydney,(non-clustered),2,2,110,23,0,0.33,624000,Commercial,"Local Pack, Video, People Also Ask, Related Searches","0.07,0.07,0.07,0.07,0.11,0.53,0.65,0.53,0.65,0.80,1.00,1.00",90,,,,,,,,,,,,,,,,,,,,
au,timber deck restoration sydney,2,decking sydney,(non-clustered),2,2,110,4,0,0.08,0,Commercial,"Local Pack, Video, Related Searches","0.07,0.11,0.11,0.15,0.15,0.65,0.65,0.53,0.80,1.00,1.00,1.00",90,,,,,,,,,,,,,,,,,,,,
au,best deck restoration sydney,2,decking sydney,(non-clustered),2,2,90,13,0,0.33,1970000,Commercial,"Local Pack, Video, Related Searches, Discussions And Forums","0.00,0.00,0.00,0.00,0.00,0.66,0.66,0.66,0.80,1.00,1.00,1.00",90,,,,,,,,,,,,,,,,,,,,
au,carpenter sydney,2,carpenters sydney,(non-clustered),2,2,880,14,3,0.62,45600000,Commercial,"Local Pack, Image, Related Searches","0.54,0.41,0.41,0.41,0.24,0.30,0.30,0.41,0.30,0.30,0.16,0.24",75,,,,,,,,,,,,,,,,,,,,
au,carpenters sydney,2,carpenters sydney,(non-clustered),2,2,480,34,3,0.62,2090000,Commercial,"Image, Related Searches, Local Pack, Video","0.72,0.59,0.59,0.59,0.39,0.39,0.59,0.88,0.39,0.39,0.32,0.32",75,,,,,,,,,,,,,,,,,,,,
au,sydney carpenter,2,carpenters sydney,(non-clustered),2,2,210,28,3,0.62,0,Commercial,"Video, Related Searches","0.11,0.44,0.11,0.81,0.23,0.28,0.54,0.35,0.54,0.28,0.15,0.15",75,,,,,,,,,,,,,,,,,,,,
au,carpenter in sydney,2,carpenters sydney,(non-clustered),2,2,140,15,3,0.62,48000000,Commercial,"Image, Related Searches, Local Pack, Video","0.03,0.01,0.10,0.04,0.02,0.29,0.36,0.29,0.29,0.29,0.15,0.15",90,,,,,,,,,,,,,,,,,,,,
au,sydney carpenters,2,carpenters sydney,(non-clustered),2,2,140,37,3,0.62,2130000,Commercial,"Local Pack, Video, Related Searches, Adwords Middle","0.21,0.12,0.28,0.21,0.21,1.00,0.81,0.81,0.53,0.65,0.34,0.43",75,,,,,,,,,,,,,,,,,,,,
au,carpenter eastern suburbs sydney,2,carpenters sydney,(non-clustered),2,2,70,19,2.99,0.69,104,Commercial,"Local Pack, Related Searches","0.64,0.64,0.64,0.11,0.11,0.52,0.64,0.64,0.29,0.11,0.11,0.11",90,,,,,,,,,,,,,,,,,,,,
au,roof carpenter sydney,2,carpenters sydney,(non-clustered),2,2,70,4,5.93,0.72,0,Commercial,"Image, Related Searches, Local Pack, Video","0.64,0.64,0.64,0.64,0.11,0.41,0.41,0.64,0.23,0.17,0.23,0.23",90,,,,,,,,,,,,,,,,,,,,
au,carpenter hire sydney,2,carpenters sydney,(non-clustered),2,2,40,0,0,0.66,0,2,2,"0.18,0.18,0.18,0.18,0.18,0.27,0.36,1.00,0.36,0.36,0.36,0.45",0,,,,,,,,,,,,,,,,,,,,
au,carpenter inner west sydney,2,carpenters sydney,(non-clustered),2,2,40,3,3.17,0.6,122,Commercial,"Image, Related Searches, Local Pack, Video","0.63,0.63,0.36,0.63,0.18,0.18,0.18,0.18,0.18,0.18,0.18,1.00",90,,,,,,,,,,,,,,,,,,,,
au,framing carpenters sydney,2,carpenters sydney,(non-clustered),2,2,40,0,2.87,0.99,0,2,2,"0.18,0.18,0.18,0.18,0.18,0.63,0.63,1.00,0.45,0.27,0.27,0.27",0,,,,,,,,,,,,,,,,,,,,
au,sydney carpentry,2,carpentry sydney,(non-clustered),2,2,210,28,2.82,0.62,3850000,Commercial,"Image, People Also Ask, Related Searches, Local Pack, Video","0.01,0.02,0.03,0.03,0.05,0.20,0.36,1.00,0.20,0.20,0.16,0.16",75,,,,,,,,,,,,,,,,,,,,
au,carpentry sydney,2,carpentry sydney,(non-clustered),2,2,320,28,3,0.62,3460000,Commercial,"Local Pack, Video, Related Searches","0.44,0.35,0.35,0.44,0.23,0.81,0.81,1.00,0.81,0.81,0.66,0.66",75,,,,,,,,,,,,,,,,,,,,
au,commercial carpentry sydney,2,carpentry sydney,(non-clustered),2,2,50,0,8.89,0.9,1670000,Commercial,"Local Pack, Video, Related Searches","0.00,0.07,0.07,0.07,0.00,0.64,0.78,0.78,1.00,0.64,0.07,0.14",0,,,,,,,,,,,,,,,,,,,,
au,carpentry specialist sydney,2,carpentry sydney,(non-clustered),2,2,40,0,0,0,0,2,2,"0.00,0.00,0.00,0.11,0.00,0.55,0.55,0.55,0.55,1.00,0.77,0.77",0,,,,,,,,,,,,,,,,,,,,
au,quality carpentry sydney,2,carpentry sydney,(non-clustered),2,2,40,0,2.2,0.33,0,2,2,"0.18,0.18,0.18,0.18,0.18,0.27,0.27,1.00,0.36,0.36,0.36,0.36",0,,,,,,,,,,,,,,,,,,,,
au,roof carpentry sydney,2,carpentry sydney,(non-clustered),2,2,40,0,2.14,0.33,0,2,2,"0.11,0.00,0.11,0.00,0.00,0.77,0.77,1.00,0.55,0.55,0.55,0.55",0,,,,,,,,,,,,,,,,,,,,
au,carpentry and joinery sydney,2,carpentry sydney,(non-clustered),2,2,30,0,0,0.99,0,2,2,"0.28,0.28,0.00,0.28,0.28,0.42,0.57,0.57,0.71,0.71,0.57,0.71",0,,,,,,,,,,,,,,,,,,,,
au,carpentry framer sydney,2,carpentry sydney,(non-clustered),2,2,30,0,0,0,0,2,2,"0.00,0.00,0.00,0.00,0.00,1.00,1.00,1.00,1.00,0.71,0.71,0.42",0,,,,,,,,,,,,,,,,,,,,
au,sydney best carpentry,2,carpentry sydney,(non-clustered),2,2,30,0,0,0.33,0,2,2,"0.22,0.22,0.22,0.22,0.22,0.33,0.33,0.44,0.44,0.33,0.44,0.44",0,,,,,,,,,,,,,,,,,,,,
au,carpentry framing sydney,2,carpentry sydney,(non-clustered),2,2,20,0,0,0,0,2,2,"0.00,0.00,0.00,0.00,0.00,0.75,0.75,1.00,1.00,0.75,0.75,0.75",0,,,,,,,,,,,,,,,,,,,,
au,carpentry contractors sydney,2,carpentry contractors sydney,(non-clustered),2,2,90,36,0,0.02,329000,Commercial,"Local Pack, Image, Related Searches","0.11,0.11,0.11,0.11,0.11,0.82,0.82,1.00,1.00,1.00,0.64,0.52",90,,,,,,,,,,,,,,,,,,,,
au,best carpenter in sydney,2,best carpenter sydney,(non-clustered),2,2,20,0,0,0.79,0,2,2,"0.28,0.28,0.28,0.28,0.00,0.28,0.28,0.28,0.28,0.28,0.28,0.28",0,,,,,,,,,,,,,,,,,,,,
au,patio builder sydney,2,renovation carpentry sydney,(non-clustered),2,2,260,39,0,0.06,129,Commercial,"Image, Related Searches, Local Pack, Video","0.02,0.12,0.05,0.12,0.05,0.36,0.44,0.36,0.36,1.00,0.44,0.44",90,,,,,,,,,,,,,,,,,,,,
au,carpenter ryde,2,renovation carpentry sydney,(non-clustered),2,2,30,0,2.82,0.65,0,2,2,"1.00,0.71,0.42,0.57,0.57,0.28,0.28,0.28,0.28,0.28,0.28,0.28",0,,,,,,,,,,,,,,,,,,,,
au,outdoor living construction sydney,2,renovation carpentry sydney,(non-clustered),2,2,30,0,0,0,0,2,2,"0.00,0.00,0.00,0.77,1.00",0,,,,,,,,,,,,,,,,,,,,
au,timber privacy screens sydney,2,renovation carpentry sydney,(non-clustered),2,2,30,0,0,0.99,0,2,2,"0.14,0.14,0.14,0.14,0.00,0.28,0.28,0.21,0.21,0.21,0.21,0.21",0,,,,,,,,,,,,,,,,,,,,
au,carpenter north ryde,2,renovation carpentry sydney,(non-clustered),2,2,10,0,0,0.14,0,2,2,"0.66,0.66,0.66,0.66,0.66,0.66,0.00,0.00,0.00,0.00,0.66,0.66",0,,,,,,,,,,,,,,,,,,,,
au,patio construction sydney,2,renovation carpentry sydney,(non-clustered),2,2,20,0,0,0.33,0,2,2,"0.00,0.00,0.20,0.20,0.00,0.60,0.60,0.80,0.60,0.80,1.00,1.00",0,,,,,,,,,,,,,,,,,,,,
au,carpentry labour hire sydney,2,renovation carpentry sydney,(non-clustered),2,2,10,0,0,0,0,2,2,"0.00,0.00,0.00,0.00,0.00,0.25,0.25,0.25,0.50,0.50,1.00,0.75",0,,,,,,,,,,,,,,,,,,,,
au,decking ryde,2,renovation carpentry sydney,(non-clustered),2,2,10,0,0,1,0,2,2,"0.28,0.00,0.00,0.00,0.00,0.28,0.28,0.00,0.28,0.28,0.28,0.28",0,,,,,,,,,,,,,,,,,,,,
au,carpenter chatswood,2,carpenter gladesville,(non-clustered),2,2,40,5,2.5,0.89,105,Commercial,"Image, Local Pack, Video","0.27,0.36,0.27,0.27,0.27,0.18,0.27,1.00,0.45,0.45,0.45,0.63",75,,,,,,,,,,,,,,,,,,,,
au,carpenters north shore,2,carpenter gladesville,(non-clustered),2,2,50,0,5.84,0.77,2420000,Informational,"Knowledge Panel, Image, Related Searches, AI Overview","0.09,0.09,0.09,0.09,0.09,0.33,0.33,0.52,0.23,0.33,0.23,0.23",0,,,,,,,,,,,,,,,,,,,,
au,carpenter hills district,2,carpenter gladesville,(non-clustered),2,2,40,0,1.97,0.66,0,2,2,"0.18,0.18,0.18,0.18,0.18,0.36,0.36,0.18,0.18,0.81,1.00,1.00",0,,,,,,,,,,,,,,,,,,,,
au,carpenter inner west,2,carpenter gladesville,(non-clustered),2,2,40,6,3.17,0.6,112,Commercial,"Local Pack, Video, Image, People Also Ask, Related Searches","0.63,0.63,0.36,0.63,0.18,0.27,0.27,0.27,0.18,0.27,0.18,1.00",90,,,,,,,,,,,,,,,,,,,,
au,carpenter mosman,2,carpenter gladesville,(non-clustered),2,2,40,7,6.92,0.46,172000,Commercial,"Local Pack, Video, Image, People Also Ask, Related Searches","0.42,0.42,0.28,0.42,0.42,1.00,1.00,0.71,0.42,0.57,1.00,0.71",75,,,,,,,,,,,,,,,,,,,,
au,deck builder inner west,2,carpenter gladesville,(non-clustered),2,2,40,0,0,0,0,2,2,"0.40,1.00,1.00,0.60,0.80,0.60,1.00",0,,,,,,,,,,,,,,,,,,,,
au,decking hills district,2,carpenter gladesville,(non-clustered),2,2,40,0,0,0.33,0,2,2,"0.11,0.11,0.11,0.11,0.11,0.11,0.11,0.00,0.11,0.41,0.82,1.00",0,,,,,,,,,,,,,,,,,,,,
au,decking north shore,2,carpenter gladesville,(non-clustered),2,2,40,0,0,0.33,0,2,2,"0.14,0.14,0.14,0.14,0.14,0.21,0.21,0.78,0.35,0.50,0.35,0.35",0,,,,,,,,,,,,,,,,,,,,
au,carpenter gladesville,2,carpenter gladesville,(non-clustered),2,2,30,0,0,0.43,0,2,2,"0.42,0.57,0.42,0.42,0.42,0.28,0.28,0.28,0.28,0.28,0.28,0.28",0,,,,,,,,,,,,,,,,,,,,
au,carpenter lane cove,2,carpenter gladesville,(non-clustered),2,2,30,0,2.41,0.64,0,2,2,"0.36,0.36,0.27,0.36,0.36,0.18,0.18,0.18,0.18,0.18,0.18,0.18",0,,,,,,,,,,,,,,,,,,,,
au,carpenter leichhardt,2,carpenter gladesville,(non-clustered),2,2,30,0,2.16,0.33,0,2,2,"0.35,0.50,0.50,0.50,0.14,0.14,0.14,0.14,0.14,0.14,0.14,0.14",0,,,,,,,,,,,,,,,,,,,,
au,carpenters hills district,2,carpenter gladesville,(non-clustered),2,2,30,0,3.02,0.99,0,2,2,"0.00,0.18,0.00,0.09,0.00,0.36,0.36,0.27,0.63,1.00,0.27,0.18",0,,,,,,,,,,,,,,,,,,,,
au,decking inner west,2,carpenter gladesville,(non-clustered),2,2,30,0,0,0,0,2,2,"0.50,0.50,0.50,0.50,0.50,1.00,1.00,1.00,0.75,0.75,1.00,0.75",0,,,,,,,,,,,,,,,,,,,,
au,carpenter drummoyne,2,carpenter gladesville,(non-clustered),2,2,20,0,0,0,0,2,2,"0.11,0.17,0.17,0.17,0.17,0.11,0.11,0.00,0.00,0.11,0.00,0.11",0,,,,,,,,,,,,,,,,,,,,
au,carpenter willoughby,2,carpenter gladesville,(non-clustered),2,2,20,0,0,0.57,0,2,2,"0.22,0.22,0.22,0.22,0.22,0.22,0.00,0.22,0.22,0.22,0.22,0.22",0,,,,,,,,,,,,,,,,,,,,
au,carpentry north shore,2,carpenter gladesville,(non-clustered),2,2,20,0,0,0,0,2,2,"0.11,0.11,0.11,0.00,0.11,0.11,0.11,0.00,0.11,0.11,0.00,0.11",0,,,,,,,,,,,,,,,,,,,,
au,pergola builder inner west,2,carpenter gladesville,(non-clustered),2,2,20,0,0,0,0,2,2,"0.33,0.66,0.66,0.66,1.00",0,,,,,,,,,,,,,,,,,,,,
au,carpenter balmain,2,carpenter gladesville,(non-clustered),2,2,10,0,2.64,0.71,0,2,2,"0.28,0.57,0.28,0.42,0.42,0.14,0.14,0.00,0.00,0.00,0.00,0.00",0,,,,,,,,,,,,,,,,,,,,
au,carpenter hunters hill,2,carpenter gladesville,(non-clustered),2,2,10,0,0,0,0,2,2,"0.66,1.00,0.66,1.00,1.00,0.00,0.00,0.00,0.00,0.00,0.00,0.00",0,,,,,,,,,,,,,,,,,,,,
au,carpenter rozelle,2,carpenter gladesville,(non-clustered),2,2,10,0,0,0,0,2,2,"1.00,0.00,0.00,1.00,0.00,1.00,1.00,0.00,1.00,1.00,0.00,1.00",0,,,,,,,,,,,,,,,,,,,,
au,carpentry inner west,2,carpenter gladesville,(non-clustered),2,2,10,0,2.59,0.66,0,2,2,"0.00,0.00,0.00,0.33,0.00,1.00,0.33,0.33,0.33,0.33,0.33,0.66",0,,,,,,,,,,,,,,,,,,,,
au,carpenter five dock,2,carpenter gladesville,(non-clustered),2,2,0,0,0,0,0,2,2,"0.00,0.00,0.00,0.00,0.00,0.00,0.00,0.00,0.00,0.00,0.00,0.00",0,,,,,,,,,,,,,,,,,,,,
au,carpenter north shore,2,carpenter gladesville,(non-clustered),2,2,0,0,3.71,0.99,0,2,2,"0.00,0.33,0.00,0.00,0.00,0.33,0.33,0.66,0.00,0.00,0.00,0.00",0,,,,,,,,,,,,,,,,,,,,
au,carpenters inner west,2,carpenter gladesville,(non-clustered),2,2,0,0,2.59,0.66,0,2,2,"0.00,0.00,0.00,0.00,0.00,0.00,0.00,0.00,0.00,0.00,0.00,1.00",0,,,,,,,,,,,,,,,,,,,,
au,deck builder north shore,2,carpenter gladesville,(non-clustered),2,2,0,0,0,0,0,2,2,"0.00,0.00,0.00,0.00,0.00,0.00,0.00,1.00,0.00,0.00,0.00,0.00",0,,,,,,,,,,,,,,,,,,,,
au,carpentry services gladesville,2,carpenter gladesville,(non-clustered),2,2,0,0,0,0,0,2,2,2,0,,,,,,,,,,,,,,,,,,,,
au,deck builder gladesville,2,carpenter gladesville,(non-clustered),2,2,0,0,0,0,0,2,2,2,0,,,,,,,,,,,,,,,,,,,,
au,pergola builder gladesville,2,carpenter gladesville,(non-clustered),2,2,0,0,0,0,0,2,2,2,0,,,,,,,,,,,,,,,,,,,,
au,carpenter parramatta,2,timber framing hills district,(non-clustered),2,2,70,5,3.26,0.81,0,Commercial,"Local Pack, Video, Image, Related Searches","0.45,0.45,0.27,0.27,0.27,0.63,1.00,1.00,0.81,1.00,1.00,1.00",75,,,,,,,,,,,,,,,,,,,,
au,carpenter epping,2,timber framing hills district,(non-clustered),2,2,40,17,3.35,0.82,491000,Commercial,"Video, Image, Local Pack","0.36,0.27,0.18,0.36,0.27,0.18,0.36,1.00,0.45,0.45,0.36,0.45",75,,,,,,,,,,,,,,,,,,,,
au,carpenter baulkham hills,2,timber framing hills district,(non-clustered),2,2,40,9,4.79,0.84,41000,Commercial,"Image, Related Searches, AI Overview, Local Pack, Site Links, Video","0.09,0.09,0.06,0.09,0.09,0.21,0.15,0.12,0.15,0.21,0.21,0.15",20,,,,,,,,,,,,,,,,,,,,
au,deck builder castle hill,2,timber framing hills district,(non-clustered),2,2,40,0,0,0,0,2,2,"0.00,0.00,0.00,0.02,0.00,0.08,0.10,0.08,0.10,0.10,0.14,0.18",0,,,,,,,,,,,,,,,,,,,,
au,deck builder parramatta,2,timber framing hills district,(non-clustered),2,2,40,0,2,0.99,0,2,2,"0.18,0.18,0.18,0.18,0.00,0.18,0.36,0.36,0.45,0.36,0.63,1.00",0,,,,,,,,,,,,,,,,,,,,
au,carpenter concord,2,timber framing hills district,(non-clustered),2,2,30,0,1.17,0.99,0,2,2,"0.18,0.18,0.18,0.18,0.18,0.18,0.18,0.27,0.45,0.36,0.36,0.36",0,,,,,,,,,,,,,,,,,,,,
au,carpenter ashfield,2,timber framing hills district,(non-clustered),2,2,20,0,0,0,0,2,2,"0.17,0.23,0.17,0.17,0.17,0.11,0.11,0.11,0.11,0.11,0.00,0.11",0,,,,,,,,,,,,,,,,,,,,
au,carpenter castle hill,2,timber framing hills district,(non-clustered),2,2,20,0,2.68,0.99,0,2,2,"0.18,0.18,0.18,0.18,0.18,0.63,0.45,0.18,0.00,0.00,0.00,0.18",0,,,,,,,,,,,,,,,,,,,,
au,carpenter burwood,2,timber framing hills district,(non-clustered),2,2,10,0,0,0,0,2,2,"0.75,1.00,0.50,0.75,0.75,0.00,0.00,0.00,0.00,0.00,0.00,0.00",0,,,,,,,,,,,,,,,,,,,,
au,carpenter carlingford,2,timber framing hills district,(non-clustered),2,2,10,0,0,0,0,2,2,"0.75,1.00,0.50,0.75,0.75,0.00,0.00,0.00,0.00,0.00,0.00,0.00",0,,,,,,,,,,,,,,,,,,,,
au,carpenter strathfield,2,timber framing hills district,(non-clustered),2,2,10,0,0,0,0,2,2,"0.66,1.00,0.66,1.00,1.00,0.00,0.00,0.00,0.00,0.00,0.00,0.00",0,,,,,,,,,,,,,,,,,,,,
au,carpenter ermington,2,timber framing hills district,(non-clustered),2,2,0,0,0,0,0,2,2,"0.00,0.00,0.00,0.00,0.00,0.00,0.00,0.00,0.00,0.00,0.00,0.00",0,,,,,,,,,,,,,,,,,,,,
au,carpenters parramatta,2,timber framing hills district,(non-clustered),2,2,0,0,3,0.66,0,2,2,"0.00,0.00,0.00,0.00,0.00,0.00,0.00,0.66,0.00,0.00,0.00,0.00",0,,,,,,,,,,,,,,,,,,,,
au,carpenter putney,2,timber framing hills district,(non-clustered),2,2,0,0,0,0,0,2,2,"0.00,0.66,0.00,0.00,0.00,0.00,0.00,0.00,0.66,0.00,0.00,0.00",0,,,,,,,,,,,,,,,,,,,,
au,carpentry parramatta,2,timber framing hills district,(non-clustered),2,2,0,0,3,0.66,0,2,2,"0.00,0.00,0.00,0.00,0.00,0.00,0.00,1.00,0.00,0.00,0.00,0.00",0,,,,,,,,,,,,,,,,,,,,
au,carpentry services burwood,2,timber framing hills district,(non-clustered),2,2,0,0,0,0,0,2,2,0.00,0,,,,,,,,,,,,,,,,,,,,
au,deck builders near me,2,decking installer sydney,(non-clustered),2,2,590,23,3.79,0.46,33200000,Transactional,"Local Pack, People Also Ask, Related Searches","0.72,0.59,0.59,0.39,0.39,0.88,1.00,0.59,0.48,0.39,0.39,0.39",90,,,,,,,,,,,,,,,,,,,,
au,pergola builders near me,2,decking installer sydney,(non-clustered),2,2,480,26,3.4,0.7,5870000,Transactional,"Local Pack, Video, People Also Ask, Related Searches","0.32,0.48,0.39,0.39,0.32,0.59,0.72,1.00,0.72,0.59,0.48,0.59",90,,,,,,,,,,,,,,,,,,,,
au,composite decking near me,2,decking installer sydney,(non-clustered),2,2,390,27,1.78,0.93,15600000,Transactional,"Related Searches, Local Pack, Site Links, Video, Popular Products","0.54,0.44,0.23,1.00,0.44,0.44,0.54,0.44,0.54,0.54,0.54,0.54",20,,,,,,,,,,,,,,,,,,,,
au,pergola builder near me,2,decking installer sydney,(non-clustered),2,2,320,33,3.3,0.77,5440000,Transactional,"Local Pack, Image, Related Searches","0.10,0.07,0.10,0.12,0.15,1.00,0.54,0.54,0.54,0.67,0.54,0.67",90,,,,,,,,,,,,,,,,,,,,
au,decking near me,2,decking installer sydney,(non-clustered),2,2,320,30,3.57,0.66,27500000,Transactional,"Site Links, Video, People Also Ask, Related Searches, Local Pack","0.29,0.29,0.29,1.00,0.29,0.36,0.36,0.66,0.66,0.54,0.44,0.44",20,,,,,,,,,,,,,,,,,,,,
au,deck builder near me,2,decking installer sydney,(non-clustered),2,2,260,28,3.79,0.46,52500000,Transactional,"People Also Ask, Related Searches, Local Pack, Video","0.19,0.10,0.12,0.19,0.12,1.00,0.67,0.29,0.44,0.23,0.36,0.23",90,,,,,,,,,,,,,,,,,,,,
au,patio builder near me,2,decking installer sydney,(non-clustered),2,2,260,49,3.18,0.76,131,Transactional,"Local Pack, Video, People Also Ask, Related Searches","0.05,0.08,0.01,0.08,0.15,1.00,0.66,0.66,0.81,0.81,0.66,0.81",90,,,,,,,,,,,,,,,,,,,,
au,pergola near me,2,decking installer sydney,(non-clustered),2,2,260,41,3.39,0.99,210,Transactional,"Local Pack, Site Links, Video, People Also Ask, Related Searches","0.23,0.17,0.23,0.17,0.82,1.00,1.00,1.00,0.82,1.00,0.82,1.00",20,,,,,,,,,,,,,,,,,,,,
au,patio builders sydney,2,decking installer sydney,(non-clustered),2,2,140,27,2.53,0.37,585000,Commercial,"Local Pack, Video, Image, People Also Ask, Related Searches","0.03,0.11,0.18,0.05,0.18,0.44,0.44,0.44,0.44,0.54,0.54,0.54",90,,,,,,,,,,,,,,,,,,,,
au,pergola repairs near me,2,decking installer sydney,(non-clustered),2,2,110,5,2.67,0.75,124,Transactional,"Related Searches, Local Pack, Site Links, People Also Ask","0.18,0.23,0.15,0.18,0.23,0.15,0.11,0.15,0.23,0.23,0.11,0.18",20,,,,,,,,,,,,,,,,,,,,
au,spotted gum decking sydney,2,decking installer sydney,(non-clustered),2,2,70,6,1.98,0.91,157000,Commercial,"Local Pack, Site Links, Video, Related Searches","0.14,0.14,0.14,0.14,0.14,0.50,1.00,1.00,1.00,1.00,1.00,0.78",20,,,,,,,,,,,,,,,,,,,,
au,alfresco builders sydney,2,decking installer sydney,(non-clustered),2,2,50,0,4.18,0.33,0,2,2,"0.22,0.22,0.22,0.22,0.22,0.77,0.77,0.77,0.77,1.00,1.00,1.00",0,,,,,,,,,,,,,,,,,,,,
au,decking installers sydney,2,decking installer sydney,(non-clustered),2,2,50,0,1.28,0.94,112,Commercial,"Local Pack, Video, Related Searches","0.14,0.14,0.14,0.14,0.14,0.50,0.50,0.50,0.64,0.64,0.64,0.64",0,,,,,,,,,,,,,,,,,,,,
au,pergola installers sydney,2,decking installer sydney,(non-clustered),2,2,50,33,6.31,1,0,Commercial,"Local Pack, Video, Related Searches","0.27,0.27,0.18,0.18,0.18,0.63,1.00,0.45,0.45,1.00,1.00,1.00",90,,,,,,,,,,,,,,,,,,,,
au,timber decking near me,2,decking installer sydney,(non-clustered),2,2,50,28,1.83,0.98,205,Transactional,"People Also Ask, Related Searches, Local Pack, Site Links, Video, Image","0.07,0.07,0.11,0.07,0.34,0.34,0.19,0.42,0.26,0.19,0.19,0.26",20,,,,,,,,,,,,,,,,,,,,
au,blackbutt decking sydney,2,decking installer sydney,(non-clustered),2,2,40,0,1.1,0.99,0,2,2,"0.09,0.09,0.09,0.09,0.09,0.33,0.23,0.19,0.23,0.23,0.19,0.14",0,,,,,,,,,,,,,,,,,,,,
au,privacy screen sydney,2,decking installer sydney,(non-clustered),2,2,40,0,1.39,0.99,0,2,2,"0.11,0.11,0.11,0.11,0.11,0.44,0.55,1.00,0.55,0.55,0.55,0.77",0,,,,,,,,,,,,,,,,,,,,
au,wall removal near me,2,remove wall sydney,(non-clustered),2,2,30,0,3.59,0.66,0,2,2,"0.18,0.18,0.18,1.00,0.18,0.27,0.36,0.18,0.18,0.18,0.18,0.18",0,,,,,,,,,,,,,,,,,,,,
au,kitchen wall removal,2,remove wall sydney,(non-clustered),2,2,20,0,1.88,0.61,0,2,2,"0.09,0.09,0.09,0.09,0.09,0.09,0.09,0.09,0.09,0.09,0.09,0.09",0,,,,,,,,,,,,,,,,,,,,
au,load bearing wall removal near me,2,remove wall sydney,(non-clustered),2,2,20,0,5.69,0.99,0,2,2,"0.66,0.66,0.66,0.66,0.66,0.66,0.66,0.66,0.66,0.66,0.66,0.66",0,,,,,,,,,,,,,,,,,,,,
au,brick wall removal sydney,2,remove wall sydney,(non-clustered),2,2,0,0,0,0,0,2,2,"0.00,0.00,0.00,0.00,0.00,0.00,0.00,0.00,0.00,0.00,0.00,0.00",0,,,,,,,,,,,,,,,,,,,,
au,door installers near me,2,carpenter for fix out sydney,(non-clustered),2,2,390,29,1.78,0.88,33400000,Transactional,"Related Searches, Local Pack, Video, People Also Ask","0.23,0.19,0.19,0.15,0.15,1.00,0.81,0.81,0.67,0.67,0.54,0.67",90,,,,,,,,,,,,,,,,,,,,
au,door installer near me,2,carpenter for fix out sydney,(non-clustered),2,2,210,22,2.02,0.73,295000000,Transactional,"Related Searches, Local Pack, Video, Image, People Also Ask","0.22,0.06,0.54,0.14,0.08,0.81,0.81,1.00,0.43,0.54,0.81,0.54",90,,,,,,,,,,,,,,,,,,,,
au,door installers sydney,2,carpenter for fix out sydney,(non-clustered),2,2,70,17,2.22,0.79,108,Commercial,"Local Pack, Video, People Also Ask, Related Searches","0.35,0.64,0.50,0.50,0.50,0.78,0.64,1.00,0.14,0.14,0.28,0.28",90,,,,,,,,,,,,,,,,,,,,
au,trim carpenter near me,2,carpenter for fix out sydney,(non-clustered),2,2,40,0,0,0.33,0,2,2,"0.18,0.18,0.18,0.18,0.18,0.27,0.18,1.00,0.36,0.36,0.36,0.36",0,,,,,,,,,,,,,,,,,,,,
au,architrave installer near me,2,carpenter for fix out sydney,(non-clustered),2,2,20,0,0,0,0,2,2,"1.00,0.05,0.00,0.00,0.00,0.00,0.00",0,,,,,,,,,,,,,,,,,,,,
au,barn door installation sydney,2,carpenter for fix out sydney,(non-clustered),2,2,20,0,1.2,1,0,2,2,"0.66,0.66,0.66,0.66,0.66,0.66,0.66,0.66,0.66,0.66,0.66,0.66",0,,,,,,,,,,,,,,,,,,,,
au,finish carpenter near me,2,carpenter for fix out sydney,(non-clustered),2,2,20,0,0,0.31,0,2,2,"1.00,0.40,0.40,0.00,0.40,0.40,0.40,0.40,0.40,0.40,0.40,0.40",0,,,,,,,,,,,,,,,,,,,,
au,finish carpentry sydney,2,carpenter for fix out sydney,(non-clustered),2,2,20,0,0,0.33,0,2,2,"0.00,0.00,0.25,0.50,0.00,0.75,1.00,1.00,0.75,1.00,1.00,1.00",0,,,,,,,,,,,,,,,,,,,,
au,interior carpenter near me,2,carpenter for fix out sydney,(non-clustered),2,2,20,0,0,0.99,0,2,2,"0.22,0.22,0.00,0.22,0.22,0.22,0.22,0.22,0.22,0.00,0.22,0.22",0,,,,,,,,,,,,,,,,,,,,
au,skirting board installer near me,2,carpenter for fix out sydney,(non-clustered),2,2,20,0,0,0,0,2,2,"1.00,0.07,0.00,0.00,0.00,0.00,0.00",0,,,,,,,,,,,,,,,,,,,,
au,vj panelling sydney,2,carpenter for fix out sydney,(non-clustered),2,2,20,0,0,0,0,2,2,"0.00,0.00,0.00,0.00,0.00,0.75,0.75,1.00,0.75,1.00,0.75,0.50",0,,,,,,,,,,,,,,,,,,,,
au,door installer sydney,2,carpenter for fix out sydney,(non-clustered),2,2,10,0,2.25,0.53,0,2,2,"0.20,0.00,0.00,0.20,0.80,0.60,0.40,0.20,0.00,0.00,0.00,0.00",0,,,,,,,,,,,,,,,,,,,,
au,timber lining boards sydney,2,carpenter for fix out sydney,(non-clustered),2,2,10,0,0,1,0,2,2,"0.66,0.66,0.00,0.66,0.00,0.00,0.00,0.00,0.66,0.00,0.66,0.00",0,,,,,,,,,,,,,,,,,,,,
au,fit out carpenter sydney,2,carpenter for fix out sydney,(non-clustered),2,2,0,0,0,0,0,2,2,"0.00,0.00,0.00,0.00,0.00,0.00,0.00,0.00,0.00,0.00,0.00,0.00",0,,,,,,,,,,,,,,,,,,,,
au,custom framing sydney,2,framer sydney,(non-clustered),2,2,390,54,1.1,1,4320000,Commercial,"Site Links, Video, Image, Related Searches, Local Pack","0.66,0.44,1.00,0.23,0.23,0.54,0.54,0.44,0.54,0.81,1.00,0.54",20,,,,,,,,,,,,,,,,,,,,
au,framers sydney,2,framer sydney,(non-clustered),2,2,70,49,1.27,1,0,Commercial,"Local Pack, Video, Image, Related Searches","0.44,0.44,0.55,0.44,0.44,0.77,0.77,0.77,1.00,1.00,1.00,1.00",75,,,,,,,,,,,,,,,,,,,,
au,framer sydney,2,framer sydney,(non-clustered),2,2,50,42,1.27,1,0,Commercial,"Local Pack, Related Searches","0.35,0.14,0.00,0.50,0.35,0.35,0.07,0.28,0.35,0.35,0.28,0.28",75,,,,,,,,,,,,,,,,,,,,
au,framing services sydney,2,framer sydney,(non-clustered),2,2,30,0,1.32,0.99,0,2,2,"0.22,0.22,0.22,0.22,0.22,0.22,0.22,0.55,0.55,0.55,0.55,0.77",0,,,,,,,,,,,,,,,,,,,,
au,roof carpenters sydney,2,framer sydney,(non-clustered),2,2,30,0,2.14,0.33,0,2,2,"0.20,0.00,0.20,0.20,0.00,0.60,0.60,0.80,0.80,0.80,1.00,1.00",0,,,,,,,,,,,,,,,,,,,,
au,carpenter northern beaches,2,carpenter sydney cbd,(non-clustered),2,2,170,10,2.35,0.57,125,Commercial,"Local Pack, Video, Image, People Also Ask, Related Searches","0.18,0.35,1.00,0.18,0.18,0.35,0.43,0.54,0.35,0.35,0.35,0.35",90,,,,,,,,,,,,,,,,,,,,
au,decking northern beaches,2,carpenter sydney cbd,(non-clustered),2,2,110,4,5.64,0.96,565000,Commercial,"Local Pack, Video, People Also Ask, Related Searches","0.09,0.09,0.09,0.09,0.14,0.80,1.00,0.80,0.80,1.00,1.00,1.00",90,,,,,,,,,,,,,,,,,,,,
au,carpenters northern beaches,2,carpenter sydney cbd,(non-clustered),2,2,90,6,3.35,0.63,0,Commercial,"Video, Image, Related Searches, Local Pack","0.23,0.11,0.41,0.17,0.29,0.82,0.82,1.00,0.82,1.00,0.64,0.41",90,,,,,,,,,,,,,,,,,,,,
au,carpenter eastern suburbs,2,carpenter sydney cbd,(non-clustered),2,2,70,4,3.21,0.53,2230000,Commercial,"Image, People Also Ask, Related Searches, Local Pack, Video","0.78,0.78,0.78,1.00,0.28,0.50,0.64,0.78,0.21,0.14,0.14,0.14",90,,,,,,,,,,,,,,,,,,,,
au,deck builder northern beaches,2,carpenter sydney cbd,(non-clustered),2,2,70,6,4.65,0.78,109,Commercial,"Related Searches, Discussions And Forums, Local Pack, Video","0.05,0.00,0.00,0.05,0.00,0.82,1.00,1.00,1.00,0.82,0.82,0.64",90,,,,,,,,,,,,,,,,,,,,
au,carpenter bondi,2,carpenter sydney cbd,(non-clustered),2,2,50,3,3.07,0.5,0,Commercial,"Related Searches, Knowledge Panel, Video, Image","0.11,0.15,0.11,0.15,0.15,0.34,0.42,0.42,0.26,0.07,0.07,0.07",70,,,,,,,,,,,,,,,,,,,,
au,carpenter randwick,2,carpenter sydney cbd,(non-clustered),2,2,40,17,3.8,0.35,86,Commercial,"Local Pack, Related Searches","0.23,0.19,0.09,0.14,0.19,0.23,0.19,0.52,0.09,0.09,0.09,0.09",75,,,,,,,,,,,,,,,,,,,,
au,pergola builder northern beaches,2,carpenter sydney cbd,(non-clustered),2,2,40,0,0,0,0,2,2,"0.00,0.00,0.00,0.00,0.00,0.77,0.77,0.77,1.00,0.55,0.77,0.77",0,,,,,,,,,,,,,,,,,,,,
au,carpenter coogee,2,carpenter sydney cbd,(non-clustered),2,2,30,0,2.79,0.71,0,2,2,"0.17,0.23,0.17,0.17,0.23,0.11,0.11,0.11,0.11,0.11,0.11,0.11",0,,,,,,,,,,,,,,,,,,,,
au,carpenter manly,2,carpenter sydney cbd,(non-clustered),2,2,30,0,3.13,0.71,0,2,2,"0.28,0.21,0.14,0.21,0.28,0.14,0.14,0.14,0.14,0.14,0.14,0.14",0,,,,,,,,,,,,,,,,,,,,
au,carpenter sydney cbd,2,carpenter sydney cbd,(non-clustered),2,2,30,0,0,0.33,0,2,2,"0.11,0.11,0.11,0.11,0.11,0.17,0.17,1.00,0.05,0.00,0.11,0.11",0,,,,,,,,,,,,,,,,,,,,
au,carpentry northern beaches,2,carpenter sydney cbd,(non-clustered),2,2,30,0,4.63,0.56,0,2,2,"0.00,1.00,0.20,0.20,0.00,0.80,0.80,0.80,0.80,0.80,0.60,0.60",0,,,,,,,,,,,,,,,,,,,,
au,decking eastern suburbs,2,carpenter sydney cbd,(non-clustered),2,2,30,0,0,0,0,2,2,"0.00,0.20,0.20,0.00,0.00,0.80,1.00,0.80,0.80,1.00,1.00,1.00",0,,,,,,,,,,,,,,,,,,,,
au,carpenter dee why,2,carpenter sydney cbd,(non-clustered),2,2,20,0,0,0.71,0,2,2,"0.09,0.09,0.09,0.09,0.09,0.09,0.09,0.09,0.09,0.09,0.09,0.09",0,,,,,,,,,,,,,,,,,,,,
au,carpenters eastern suburbs,2,carpenter sydney cbd,(non-clustered),2,2,20,0,2.49,0.66,0,2,2,"0.09,0.00,0.09,0.09,0.18,0.63,0.45,0.27,0.09,0.09,0.00,0.00",0,,,,,,,,,,,,,,,,,,,,
au,carpentry services eastern suburbs,2,carpenter sydney cbd,(non-clustered),2,2,10,0,0,0,0,2,2,"0.00,0.00,0.75,1.00,1.00,0.25,0.00,0.00,0.00",0,,,,,,,,,,,,,,,,,,,,
au,deck builder eastern suburbs,2,carpenter sydney cbd,(non-clustered),2,2,10,0,0,0,0,2,2,"0.00,0.00,0.00,0.00,0.00,1.00,1.00,1.00,0.50,0.50,0.50,0.50",0,,,,,,,,,,,,,,,,,,,,
au,pergola builder eastern suburbs,2,carpenter sydney cbd,(non-clustered),2,2,10,0,0,0,0,2,2,"0.50,1.00,1.00,0.50,0.50",0,,,,,,,,,,,,,,,,,,,,
au,carpentry eastern suburbs,2,carpenter sydney cbd,(non-clustered),2,2,0,0,2.49,0.66,0,2,2,"0.50,0.00,0.50,0.00,0.00,0.00,0.00,1.00,0.00,0.00,0.00,0.00",0,,,,,,,,,,,,,,,,,,,,
au,carpentry services northern beaches,2,carpenter sydney cbd,(non-clustered),2,2,0,0,0,0,0,2,2,"0.00,0.00,0.00,0.00,0.00,0.00,0.00,0.00,0.00,0.00",0,,,,,,,,,,,,,,,,,,,,
au,carpenter penrith,2,carpenter roseville,(non-clustered),2,2,140,11,3.37,0.56,392000,Commercial,"Local Pack, Video, Image, People Also Ask, Related Searches","0.52,0.80,0.33,0.33,0.33,0.80,1.00,0.80,0.42,0.52,0.52,0.52",75,,,,,,,,,,,,,,,,,,,,
au,carpenter blacktown,2,carpenter roseville,(non-clustered),2,2,70,6,2.64,0.52,0,Commercial,"Local Pack, Image, Related Searches","0.35,0.35,0.21,0.28,0.14,0.64,0.78,0.78,0.35,0.78,0.78,0.78",75,,,,,,,,,,,,,,,,,,,,
au,carpenter cherrybrook,2,carpenter roseville,(non-clustered),2,2,30,0,0,0,0,2,2,"0.40,0.60,0.40,0.60,0.60,0.20,0.60,0.80,0.80,1.00,0.80,1.00",0,,,,,,,,,,,,,,,,,,,,
au,carpenter kellyville,2,carpenter roseville,(non-clustered),2,2,30,0,3.76,0.66,0,2,2,"0.14,0.14,0.14,0.14,0.14,0.35,0.50,0.21,0.14,0.21,0.28,0.35",0,,,,,,,,,,,,,,,,,,,,
au,carpenter north sydney,2,carpenter roseville,(non-clustered),2,2,20,0,2.57,0.76,0,2,2,"0.11,0.11,0.11,0.11,0.11,0.11,0.11,0.11,0.11,0.11,0.11,0.11",0,,,,,,,,,,,,,,,,,,,,
au,carpenter pennant hills,2,carpenter roseville,(non-clustered),2,2,10,0,0,0,0,2,2,"0.50,1.00,0.50,0.75,0.75,0.00,0.00,0.00,0.00,0.00,0.00,0.00",0,,,,,,,,,,,,,,,,,,,,
au,carpenter west pennant hills,2,carpenter roseville,(non-clustered),2,2,0,0,0,0,0,2,2,"0.00,0.00,0.00,0.00,0.00,0.00,0.00,0.00,0.00,0.00,0.00,0.00",0,,,,,,,,,,,,,,,,,,,,
au,deck repair near me,2,carpenter for hire sydney,(non-clustered),2,2,390,17,3.26,0.14,183000000,Transactional,"Local Pack, Video, People Also Ask, Related Searches","0.67,0.67,0.36,0.19,0.15,0.36,0.36,1.00,0.54,0.44,0.54,0.67",90,,,,,,,,,,,,,,,,,,,,
au,pergola repair near me,2,carpenter for hire sydney,(non-clustered),2,2,140,5,3.29,0.82,0,Transactional,"Related Searches, Local Pack","0.53,0.42,0.53,0.42,0.42,0.42,0.53,0.53,0.53,0.65,0.42,0.53",90,,,,,,,,,,,,,,,,,,,,
au,best carpenter near me,2,carpenter for hire sydney,(non-clustered),2,2,20,0,2.2,0.66,0,2,2,"0.07,0.14,0.14,0.14,0.14,1.00,0.07,0.00,0.07,0.07,0.07,0.07",0,,,,,,,,,,,,,,,,,,,,
au,pergola cost sydney,2,carpenter for hire sydney,(non-clustered),2,2,20,0,1.94,0.99,0,2,2,"0.18,0.18,0.18,0.18,0.18,0.18,0.18,0.18,0.18,0.18,0.18,0.18",0,,,,,,,,,,,,,,,,,,,,
au,structural carpenter near me,2,carpenter for hire sydney,(non-clustered),2,2,20,0,2.03,0.99,0,2,2,"0.66,0.66,0.00,0.66,0.66,0.66,0.66,0.66,0.66,0.66,0.66,0.66",0,,,,,,,,,,,,,,,,,,,,
au,timber framing near me,2,carpenter for hire sydney,(non-clustered),2,2,20,0,0,0.66,0,2,2,"0.22,0.22,0.22,0.22,0.22,0.22,0.22,0.22,0.22,0.22,0.22,0.22",0,,,,,,,,,,,,,,,,,,,,
au,decking cost sydney,2,carpenter for hire sydney,(non-clustered),2,2,10,0,1.56,0.57,0,2,2,"0.00,0.00,0.00,0.00,0.00,1.00,0.00,0.00,0.00,1.00,1.00,1.00",0,,,,,,,,,,,,,,,,,,,,
au,framing carpenter near me,2,carpenter for hire sydney,(non-clustered),2,2,10,0,1.83,0.66,0,2,2,"0.50,0.00,0.00,1.00,0.00,1.00,0.50,0.50,0.00,1.00,1.00,0.00",0,,,,,,,,,,,,,,,,,,,,
au,wall removal contractor near me,2,carpenter for hire sydney,(non-clustered),2,2,10,0,0,0.33,0,2,2,"0.00,0.00,0.00,0.66,0.00,1.00,1.00,0.66,0.33,0.33,0.33,0.66",0,,,,,,,,,,,,,,,,,,,,
au,house restumping near me,2,restumping sydney,(non-clustered),2,2,390,15,2.08,0.55,141,Transactional,"Local Pack, Video, Related Searches","0.43,1.00,0.81,0.66,0.66,0.66,0.81,0.81,1.00,1.00,0.81,0.81",90,,,,,,,,,,,,,,,,,,,,
au,restumping near me,2,restumping sydney,(non-clustered),2,2,320,33,3.26,0.57,122,Transactional,"Local Pack, Site Links, Video, People Also Ask, Related Searches","0.82,1.00,0.66,0.82,0.66,0.82,1.00,1.00,1.00,0.66,0.43,1.00",20,,,,,,,,,,,,,,,,,,,,
au,restumping sydney,2,restumping sydney,(non-clustered),2,2,110,9,3.56,0.61,55300,Commercial,"Local Pack, Image, People Also Ask, Related Searches","0.33,0.23,0.33,0.33,0.33,0.80,0.66,0.52,0.80,0.80,1.00,1.00",75,,,,,,,,,,,,,,,,,,,,
au,brick pier replacement sydney,2,restumping sydney,(non-clustered),2,2,70,0,0,0,0,2,2,"0.23,0.23,0.23,0.23,0.17,0.29,0.29,0.23,0.41,0.41,1.00,1.00",0,,,,,,,,,,,,,,,,,,,,
au,house restumping sydney,2,restumping sydney,(non-clustered),2,2,70,3,4.35,0.33,59200,Informational,"Video, Related Searches, Knowledge Panel, Site Links","0.14,0.19,0.23,0.23,0.19,0.42,0.42,0.42,0.42,0.66,0.80,1.00",20,,,,,,,,,,,,,,,,,,,,
au,floor levelling sydney,2,restumping sydney,(non-clustered),2,2,50,9,3.37,0.84,107000000,Informational,"Knowledge Panel, Video, Related Searches, Discussions And Forums, AI Overview","0.27,0.18,0.27,0.27,0.18,1.00,1.00,0.63,0.63,0.81,0.63,0.63",70,,,,,,,,,,,,,,,,,,,,
au,house releveling sydney,2,restumping sydney,(non-clustered),2,2,40,0,0,0,0,2,2,"0.33,0.33,0.33,0.33,0.33,0.33,0.33,0.33,0.44,0.22,1.00,1.00",0,,,,,,,,,,,,,,,,,,,,
au,house raising sydney,2,restumping sydney,(non-clustered),2,2,30,0,3.8,0.66,0,2,2,"0.40,0.40,0.40,0.40,0.40,0.80,0.80,0.80,0.60,0.60,0.80,1.00",0,,,,,,,,,,,,,,,,,,,,
au,stump replacement sydney,2,restumping sydney,(non-clustered),2,2,40,0,0,0,0,2,2,"0.60,0.60,0.80,1.00,0.80,0.80,0.60",0,,,,,,,,,,,,,,,,,,,,
au,concrete stumps sydney,2,restumping sydney,(non-clustered),2,2,20,0,0,1,0,2,2,"0.28,0.28,0.28,0.28,0.28,0.28,0.28,0.28,0.28,0.28,0.28,0.28",0,,,,,,,,,,,,,,,,,,,,
au,house lifting sydney,2,restumping sydney,(non-clustered),2,2,20,0,3.25,0.57,0,2,2,"0.18,0.18,0.18,0.18,0.18,0.18,0.18,0.18,0.18,0.18,0.18,0.18",0,,,,,,,,,,,,,,,,,,,,
au,steel stumps sydney,2,restumping sydney,(non-clustered),2,2,20,0,0,0.99,0,2,2,"0.00,0.00,0.00,0.00,0.00,1.00,1.00,1.00,1.00,1.00,1.00,1.00",0,,,,,,,,,,,,,,,,,,,,
au,house stumping sydney,2,restumping sydney,(non-clustered),2,2,20,0,0,0,0,2,2,"0.00,0.00,0.00,0.00,0.00,1.00,1.00,1.00,1.00,1.00,1.00,1.00",0,,,,,,,,,,,,,,,,,,,,
au,subfloor repair sydney,2,restumping sydney,(non-clustered),2,2,20,0,3.28,0.99,0,2,2,"0.50,0.50,0.50,0.50,0.50,0.50,0.50,0.50,0.50,0.50,0.50,1.00",0,,,,,,,,,,,,,,,,,,,,
au,subfloor repairs sydney,2,restumping sydney,(non-clustered),2,2,20,0,3.45,0.43,0,2,2,"0.28,0.28,0.28,0.28,0.28,0.28,0.28,0.28,0.28,0.28,0.28,0.28",0,,,,,,,,,,,,,,,,,,,,
au,restumping croydon,2,restumping ryde,(non-clustered),2,2,90,10,4.2,0.65,117,Informational,"Video, Image, People Also Ask, Knowledge Panel","0.52,0.52,0.52,0.09,0.09,0.42,0.19,0.52,0.42,1.00,0.80,0.52",70,,,,,,,,,,,,,,,,,,,,
au,restumping burwood,2,restumping ryde,(non-clustered),2,2,50,5,0,0,8410,Commercial,"People Also Ask, Related Searches, Local Pack, Video, Image","0.14,0.14,0.14,0.14,0.14,0.50,0.35,0.78,0.78,0.78,1.00,0.64",75,,,,,,,,,,,,,,,,,,,,
au,restumping cremorne,2,restumping ryde,(non-clustered),2,2,20,0,0,0,0,2,2,"0.00,0.00,0.00,0.00,0.00,0.75,0.75,0.75,1.00,1.00,0.75,0.75",0,,,,,,,,,,,,,,,,,,,,
au,restumping epping,2,restumping ryde,(non-clustered),2,2,20,0,0,0,0,2,2,"0.00,0.00,0.00,0.00,0.00,0.25,0.25,0.75,1.00,0.75,0.75,0.75",0,,,,,,,,,,,,,,,,,,,,
au,house restumping gladesville,2,restumping ryde,(non-clustered),2,2,0,0,0,0,0,2,2,"0.00,0.00,0.00,0.00,0.00,0.00,0.00,0.00,0.00,0.00,0.00,0.00",0,,,,,,,,,,,,,,,,,,,,
au,restumping ryde,2,restumping ryde,(non-clustered),2,2,0,0,0,0,0,2,2,2,0,,,,,,,,,,,,,,,,,,,,
au,house restumping ryde,2,restumping ryde,(non-clustered),2,2,0,0,0,0,0,2,2,2,0,,,,,,,,,,,,,,,,,,,,
au,restumping contractors ryde,2,restumping ryde,(non-clustered),2,2,0,0,0,0,0,2,2,2,0,,,,,,,,,,,,,,,,,,,,
au,subfloor repair near me,2,restumping cost sydney,(non-clustered),2,2,20,0,4.24,0.99,0,2,2,"0.11,0.11,0.11,0.11,0.11,0.11,0.11,0.11,0.11,0.11,0.11,0.11",0,,,,,,,,,,,,,,,,,,,,
au,sagging floor repair near me,2,restumping cost sydney,(non-clustered),2,2,20,0,2.84,0.99,0,2,2,"0.00,0.66,0.66,0.66,0.66,0.00,0.66,0.66,0.66,0.66,0.00,0.66",0,,,,,,,,,,,,,,,,,,,,
au,carpenter west ryde,local expansion,general carpenter,Carpenter Sydney,local seo,service page,,,,,,Commercial,,,,,,,,,,,,,,,,,,,,,,,
au,carpentry services ryde,local expansion,general carpenter,Carpenter Sydney,local seo,service page,,,,,,Commercial,,,,,,,,,,,,,,,,,,,,,,,
au,carpentry services north ryde,local expansion,general carpenter,Carpenter Sydney,local seo,service page,,,,,,Commercial,,,,,,,,,,,,,,,,,,,,,,,
au,carpentry services west ryde,local expansion,general carpenter,Carpenter Sydney,local seo,service page,,,,,,Commercial,,,,,,,,,,,,,,,,,,,,,,,
au,carpentry services hunters hill,local expansion,general carpenter,Carpenter Sydney,local seo,service page,,,,,,Commercial,,,,,,,,,,,,,,,,,,,,,,,
au,carpentry services drummoyne,local expansion,general carpenter,Carpenter Sydney,local seo,service page,,,,,,Commercial,,,,,,,,,,,,,,,,,,,,,,,
au,carpentry services five dock,local expansion,general carpenter,Carpenter Sydney,local seo,service page,,,,,,Commercial,,,,,,,,,,,,,,,,,,,,,,,
au,carpentry services concord,local expansion,general carpenter,Carpenter Sydney,local seo,service page,,,,,,Commercial,,,,,,,,,,,,,,,,,,,,,,,
au,carpentry services balmain,local expansion,general carpenter,Carpenter Sydney,local seo,service page,,,,,,Commercial,,,,,,,,,,,,,,,,,,,,,,,
au,carpentry services rozelle,local expansion,general carpenter,Carpenter Sydney,local seo,service page,,,,,,Commercial,,,,,,,,,,,,,,,,,,,,,,,
au,carpentry services leichhardt,local expansion,general carpenter,Carpenter Sydney,local seo,service page,,,,,,Commercial,,,,,,,,,,,,,,,,,,,,,,,
au,carpentry services inner west,local expansion,general carpenter,Carpenter Sydney,local seo,service page,,,,,,Commercial,,,,,,,,,,,,,,,,,,,,,,,
au,carpentry services north shore,local expansion,general carpenter,Carpenter Sydney,local seo,service page,,,,,,Commercial,,,,,,,,,,,,,,,,,,,,,,,
au,carpentry services chatswood,local expansion,general carpenter,Carpenter Sydney,local seo,service page,,,,,,Commercial,,,,,,,,,,,,,,,,,,,,,,,
au,carpentry services lane cove,local expansion,general carpenter,Carpenter Sydney,local seo,service page,,,,,,Commercial,,,,,,,,,,,,,,,,,,,,,,,
au,carpentry services willoughby,local expansion,general carpenter,Carpenter Sydney,local seo,service page,,,,,,Commercial,,,,,,,,,,,,,,,,,,,,,,,
au,carpentry services mosman,local expansion,general carpenter,Carpenter Sydney,local seo,service page,,,,,,Commercial,,,,,,,,,,,,,,,,,,,,,,,
au,carpentry services parramatta,local expansion,general carpenter,Carpenter Sydney,local seo,service page,,,,,,Commercial,,,,,,,,,,,,,,,,,,,,,,,
au,carpentry services hills district,local expansion,general carpenter,Carpenter Sydney,local seo,service page,,,,,,Commercial,,,,,,,,,,,,,,,,,,,,,,,
au,carpentry services castle hill,local expansion,general carpenter,Carpenter Sydney,local seo,service page,,,,,,Commercial,,,,,,,,,,,,,,,,,,,,,,,
au,carpentry services baulkham hills,local expansion,general carpenter,Carpenter Sydney,local seo,service page,,,,,,Commercial,,,,,,,,,,,,,,,,,,,,,,,
au,carpentry services epping,local expansion,general carpenter,Carpenter Sydney,local seo,service page,,,,,,Commercial,,,,,,,,,,,,,,,,,,,,,,,
au,carpentry services carlingford,local expansion,general carpenter,Carpenter Sydney,local seo,service page,,,,,,Commercial,,,,,,,,,,,,,,,,,,,,,,,
au,deck builder ryde,local expansion,deck builder,Deck Builder Sydney,local seo,service page,,,,,,Commercial,,,,,,,,,,,,,,,,,,,,,,,
au,deck builder north ryde,local expansion,deck builder,Deck Builder Sydney,local seo,service page,,,,,,Commercial,,,,,,,,,,,,,,,,,,,,,,,
au,deck builder west ryde,local expansion,deck builder,Deck Builder Sydney,local seo,service page,,,,,,Commercial,,,,,,,,,,,,,,,,,,,,,,,
au,deck builder hunters hill,local expansion,deck builder,Deck Builder Sydney,local seo,service page,,,,,,Commercial,,,,,,,,,,,,,,,,,,,,,,,
au,deck builder drummoyne,local expansion,deck builder,Deck Builder Sydney,local seo,service page,,,,,,Commercial,,,,,,,,,,,,,,,,,,,,,,,
au,deck builder five dock,local expansion,deck builder,Deck Builder Sydney,local seo,service page,,,,,,Commercial,,,,,,,,,,,,,,,,,,,,,,,
au,deck builder concord,local expansion,deck builder,Deck Builder Sydney,local seo,service page,,,,,,Commercial,,,,,,,,,,,,,,,,,,,,,,,
au,deck builder balmain,local expansion,deck builder,Deck Builder Sydney,local seo,service page,,,,,,Commercial,,,,,,,,,,,,,,,,,,,,,,,
au,deck builder rozelle,local expansion,deck builder,Deck Builder Sydney,local seo,service page,,,,,,Commercial,,,,,,,,,,,,,,,,,,,,,,,
au,deck builder leichhardt,local expansion,deck builder,Deck Builder Sydney,local seo,service page,,,,,,Commercial,,,,,,,,,,,,,,,,,,,,,,,
au,deck builder chatswood,local expansion,deck builder,Deck Builder Sydney,local seo,service page,,,,,,Commercial,,,,,,,,,,,,,,,,,,,,,,,
au,deck builder lane cove,local expansion,deck builder,Deck Builder Sydney,local seo,service page,,,,,,Commercial,,,,,,,,,,,,,,,,,,,,,,,
au,deck builder willoughby,local expansion,deck builder,Deck Builder Sydney,local seo,service page,,,,,,Commercial,,,,,,,,,,,,,,,,,,,,,,,
au,deck builder mosman,local expansion,deck builder,Deck Builder Sydney,local seo,service page,,,,,,Commercial,,,,,,,,,,,,,,,,,,,,,,,
au,deck builder hills district,local expansion,deck builder,Deck Builder Sydney,local seo,service page,,,,,,Commercial,,,,,,,,,,,,,,,,,,,,,,,
au,deck builder baulkham hills,local expansion,deck builder,Deck Builder Sydney,local seo,service page,,,,,,Commercial,,,,,,,,,,,,,,,,,,,,,,,
au,deck builder epping,local expansion,deck builder,Deck Builder Sydney,local seo,service page,,,,,,Commercial,,,,,,,,,,,,,,,,,,,,,,,
au,deck builder carlingford,local expansion,deck builder,Deck Builder Sydney,local seo,service page,,,,,,Commercial,,,,,,,,,,,,,,,,,,,,,,,
au,decking north ryde,local expansion,deck builder,Deck Builder Sydney,local seo,service page,,,,,,Commercial,,,,,,,,,,,,,,,,,,,,,,,
au,decking west ryde,local expansion,deck builder,Deck Builder Sydney,local seo,service page,,,,,,Commercial,,,,,,,,,,,,,,,,,,,,,,,
au,decking gladesville,local expansion,deck builder,Deck Builder Sydney,local seo,service page,,,,,,Commercial,,,,,,,,,,,,,,,,,,,,,,,
au,decking hunters hill,local expansion,deck builder,Deck Builder Sydney,local seo,service page,,,,,,Commercial,,,,,,,,,,,,,,,,,,,,,,,
au,decking drummoyne,local expansion,deck builder,Deck Builder Sydney,local seo,service page,,,,,,Commercial,,,,,,,,,,,,,,,,,,,,,,,
au,decking five dock,local expansion,deck builder,Deck Builder Sydney,local seo,service page,,,,,,Commercial,,,,,,,,,,,,,,,,,,,,,,,
au,decking concord,local expansion,deck builder,Deck Builder Sydney,local seo,service page,,,,,,Commercial,,,,,,,,,,,,,,,,,,,,,,,
au,decking balmain,local expansion,deck builder,Deck Builder Sydney,local seo,service page,,,,,,Commercial,,,,,,,,,,,,,,,,,,,,,,,
au,decking rozelle,local expansion,deck builder,Deck Builder Sydney,local seo,service page,,,,,,Commercial,,,,,,,,,,,,,,,,,,,,,,,
au,decking leichhardt,local expansion,deck builder,Deck Builder Sydney,local seo,service page,,,,,,Commercial,,,,,,,,,,,,,,,,,,,,,,,
au,decking chatswood,local expansion,deck builder,Deck Builder Sydney,local seo,service page,,,,,,Commercial,,,,,,,,,,,,,,,,,,,,,,,
au,decking lane cove,local expansion,deck builder,Deck Builder Sydney,local seo,service page,,,,,,Commercial,,,,,,,,,,,,,,,,,,,,,,,
au,decking willoughby,local expansion,deck builder,Deck Builder Sydney,local seo,service page,,,,,,Commercial,,,,,,,,,,,,,,,,,,,,,,,
au,decking mosman,local expansion,deck builder,Deck Builder Sydney,local seo,service page,,,,,,Commercial,,,,,,,,,,,,,,,,,,,,,,,
au,decking parramatta,local expansion,deck builder,Deck Builder Sydney,local seo,service page,,,,,,Commercial,,,,,,,,,,,,,,,,,,,,,,,
au,decking castle hill,local expansion,deck builder,Deck Builder Sydney,local seo,service page,,,,,,Commercial,,,,,,,,,,,,,,,,,,,,,,,
au,decking baulkham hills,local expansion,deck builder,Deck Builder Sydney,local seo,service page,,,,,,Commercial,,,,,,,,,,,,,,,,,,,,,,,
au,decking epping,local expansion,deck builder,Deck Builder Sydney,local seo,service page,,,,,,Commercial,,,,,,,,,,,,,,,,,,,,,,,
au,decking carlingford,local expansion,deck builder,Deck Builder Sydney,local seo,service page,,,,,,Commercial,,,,,,,,,,,,,,,,,,,,,,,
au,pergola builder ryde,local expansion,pergola builder,Pergola Builder Sydney,local seo,service page,,,,,,Commercial,,,,,,,,,,,,,,,,,,,,,,,
au,pergola builder north ryde,local expansion,pergola builder,Pergola Builder Sydney,local seo,service page,,,,,,Commercial,,,,,,,,,,,,,,,,,,,,,,,
au,pergola builder west ryde,local expansion,pergola builder,Pergola Builder Sydney,local seo,service page,,,,,,Commercial,,,,,,,,,,,,,,,,,,,,,,,
au,pergola builder hunters hill,local expansion,pergola builder,Pergola Builder Sydney,local seo,service page,,,,,,Commercial,,,,,,,,,,,,,,,,,,,,,,,
au,pergola builder drummoyne,local expansion,pergola builder,Pergola Builder Sydney,local seo,service page,,,,,,Commercial,,,,,,,,,,,,,,,,,,,,,,,
au,pergola builder five dock,local expansion,pergola builder,Pergola Builder Sydney,local seo,service page,,,,,,Commercial,,,,,,,,,,,,,,,,,,,,,,,
au,pergola builder concord,local expansion,pergola builder,Pergola Builder Sydney,local seo,service page,,,,,,Commercial,,,,,,,,,,,,,,,,,,,,,,,
au,pergola builder balmain,local expansion,pergola builder,Pergola Builder Sydney,local seo,service page,,,,,,Commercial,,,,,,,,,,,,,,,,,,,,,,,
au,pergola builder rozelle,local expansion,pergola builder,Pergola Builder Sydney,local seo,service page,,,,,,Commercial,,,,,,,,,,,,,,,,,,,,,,,
au,pergola builder leichhardt,local expansion,pergola builder,Pergola Builder Sydney,local seo,service page,,,,,,Commercial,,,,,,,,,,,,,,,,,,,,,,,
au,pergola builder north shore,local expansion,pergola builder,Pergola Builder Sydney,local seo,service page,,,,,,Commercial,,,,,,,,,,,,,,,,,,,,,,,
au,pergola builder chatswood,local expansion,pergola builder,Pergola Builder Sydney,local seo,service page,,,,,,Commercial,,,,,,,,,,,,,,,,,,,,,,,
au,pergola builder lane cove,local expansion,pergola builder,Pergola Builder Sydney,local seo,service page,,,,,,Commercial,,,,,,,,,,,,,,,,,,,,,,,
au,pergola builder willoughby,local expansion,pergola builder,Pergola Builder Sydney,local seo,service page,,,,,,Commercial,,,,,,,,,,,,,,,,,,,,,,,
au,pergola builder mosman,local expansion,pergola builder,Pergola Builder Sydney,local seo,service page,,,,,,Commercial,,,,,,,,,,,,,,,,,,,,,,,
au,pergola builder parramatta,local expansion,pergola builder,Pergola Builder Sydney,local seo,service page,,,,,,Commercial,,,,,,,,,,,,,,,,,,,,,,,
au,pergola builder hills district,local expansion,pergola builder,Pergola Builder Sydney,local seo,service page,,,,,,Commercial,,,,,,,,,,,,,,,,,,,,,,,
au,pergola builder castle hill,local expansion,pergola builder,Pergola Builder Sydney,local seo,service page,,,,,,Commercial,,,,,,,,,,,,,,,,,,,,,,,
au,pergola builder baulkham hills,local expansion,pergola builder,Pergola Builder Sydney,local seo,service page,,,,,,Commercial,,,,,,,,,,,,,,,,,,,,,,,
au,pergola builder epping,local expansion,pergola builder,Pergola Builder Sydney,local seo,service page,,,,,,Commercial,,,,,,,,,,,,,,,,,,,,,,,
au,pergola builder carlingford,local expansion,pergola builder,Pergola Builder Sydney,local seo,service page,,,,,,Commercial,,,,,,,,,,,,,,,,,,,,,,,
au,structural wall removal ryde,local expansion,structural wall removal,Structural Wall Removal Sydney,local seo,service page,,,,,,Commercial,,,,,,,,,,,,,,,,,,,,,,,
au,structural wall removal north ryde,local expansion,structural wall removal,Structural Wall Removal Sydney,local seo,service page,,,,,,Commercial,,,,,,,,,,,,,,,,,,,,,,,
au,structural wall removal west ryde,local expansion,structural wall removal,Structural Wall Removal Sydney,local seo,service page,,,,,,Commercial,,,,,,,,,,,,,,,,,,,,,,,
au,structural wall removal gladesville,local expansion,structural wall removal,Structural Wall Removal Sydney,local seo,service page,,,,,,Commercial,,,,,,,,,,,,,,,,,,,,,,,
au,structural wall removal hunters hill,local expansion,structural wall removal,Structural Wall Removal Sydney,local seo,service page,,,,,,Commercial,,,,,,,,,,,,,,,,,,,,,,,
au,structural wall removal drummoyne,local expansion,structural wall removal,Structural Wall Removal Sydney,local seo,service page,,,,,,Commercial,,,,,,,,,,,,,,,,,,,,,,,
au,structural wall removal five dock,local expansion,structural wall removal,Structural Wall Removal Sydney,local seo,service page,,,,,,Commercial,,,,,,,,,,,,,,,,,,,,,,,
au,structural wall removal concord,local expansion,structural wall removal,Structural Wall Removal Sydney,local seo,service page,,,,,,Commercial,,,,,,,,,,,,,,,,,,,,,,,
au,structural wall removal balmain,local expansion,structural wall removal,Structural Wall Removal Sydney,local seo,service page,,,,,,Commercial,,,,,,,,,,,,,,,,,,,,,,,
au,structural wall removal rozelle,local expansion,structural wall removal,Structural Wall Removal Sydney,local seo,service page,,,,,,Commercial,,,,,,,,,,,,,,,,,,,,,,,
au,structural wall removal leichhardt,local expansion,structural wall removal,Structural Wall Removal Sydney,local seo,service page,,,,,,Commercial,,,,,,,,,,,,,,,,,,,,,,,
au,structural wall removal inner west,local expansion,structural wall removal,Structural Wall Removal Sydney,local seo,service page,,,,,,Commercial,,,,,,,,,,,,,,,,,,,,,,,
au,structural wall removal north shore,local expansion,structural wall removal,Structural Wall Removal Sydney,local seo,service page,,,,,,Commercial,,,,,,,,,,,,,,,,,,,,,,,
au,structural wall removal chatswood,local expansion,structural wall removal,Structural Wall Removal Sydney,local seo,service page,,,,,,Commercial,,,,,,,,,,,,,,,,,,,,,,,
au,structural wall removal lane cove,local expansion,structural wall removal,Structural Wall Removal Sydney,local seo,service page,,,,,,Commercial,,,,,,,,,,,,,,,,,,,,,,,
au,structural wall removal willoughby,local expansion,structural wall removal,Structural Wall Removal Sydney,local seo,service page,,,,,,Commercial,,,,,,,,,,,,,,,,,,,,,,,
au,structural wall removal mosman,local expansion,structural wall removal,Structural Wall Removal Sydney,local seo,service page,,,,,,Commercial,,,,,,,,,,,,,,,,,,,,,,,
au,structural wall removal parramatta,local expansion,structural wall removal,Structural Wall Removal Sydney,local seo,service page,,,,,,Commercial,,,,,,,,,,,,,,,,,,,,,,,
au,structural wall removal hills district,local expansion,structural wall removal,Structural Wall Removal Sydney,local seo,service page,,,,,,Commercial,,,,,,,,,,,,,,,,,,,,,,,
au,structural wall removal castle hill,local expansion,structural wall removal,Structural Wall Removal Sydney,local seo,service page,,,,,,Commercial,,,,,,,,,,,,,,,,,,,,,,,
au,structural wall removal baulkham hills,local expansion,structural wall removal,Structural Wall Removal Sydney,local seo,service page,,,,,,Commercial,,,,,,,,,,,,,,,,,,,,,,,
au,structural wall removal epping,local expansion,structural wall removal,Structural Wall Removal Sydney,local seo,service page,,,,,,Commercial,,,,,,,,,,,,,,,,,,,,,,,
au,structural wall removal carlingford,local expansion,structural wall removal,Structural Wall Removal Sydney,local seo,service page,,,,,,Commercial,,,,,,,,,,,,,,,,,,,,,,,
au,load bearing wall removal ryde,local expansion,structural wall removal,Structural Wall Removal Sydney,local seo,service page,,,,,,Commercial,,,,,,,,,,,,,,,,,,,,,,,
au,load bearing wall removal north ryde,local expansion,structural wall removal,Structural Wall Removal Sydney,local seo,service page,,,,,,Commercial,,,,,,,,,,,,,,,,,,,,,,,
au,load bearing wall removal west ryde,local expansion,structural wall removal,Structural Wall Removal Sydney,local seo,service page,,,,,,Commercial,,,,,,,,,,,,,,,,,,,,,,,
au,load bearing wall removal gladesville,local expansion,structural wall removal,Structural Wall Removal Sydney,local seo,service page,,,,,,Commercial,,,,,,,,,,,,,,,,,,,,,,,
au,load bearing wall removal hunters hill,local expansion,structural wall removal,Structural Wall Removal Sydney,local seo,service page,,,,,,Commercial,,,,,,,,,,,,,,,,,,,,,,,
au,load bearing wall removal drummoyne,local expansion,structural wall removal,Structural Wall Removal Sydney,local seo,service page,,,,,,Commercial,,,,,,,,,,,,,,,,,,,,,,,
au,load bearing wall removal five dock,local expansion,structural wall removal,Structural Wall Removal Sydney,local seo,service page,,,,,,Commercial,,,,,,,,,,,,,,,,,,,,,,,
au,load bearing wall removal concord,local expansion,structural wall removal,Structural Wall Removal Sydney,local seo,service page,,,,,,Commercial,,,,,,,,,,,,,,,,,,,,,,,
au,load bearing wall removal balmain,local expansion,structural wall removal,Structural Wall Removal Sydney,local seo,service page,,,,,,Commercial,,,,,,,,,,,,,,,,,,,,,,,
au,load bearing wall removal rozelle,local expansion,structural wall removal,Structural Wall Removal Sydney,local seo,service page,,,,,,Commercial,,,,,,,,,,,,,,,,,,,,,,,
au,load bearing wall removal leichhardt,local expansion,structural wall removal,Structural Wall Removal Sydney,local seo,service page,,,,,,Commercial,,,,,,,,,,,,,,,,,,,,,,,
au,load bearing wall removal inner west,local expansion,structural wall removal,Structural Wall Removal Sydney,local seo,service page,,,,,,Commercial,,,,,,,,,,,,,,,,,,,,,,,
au,load bearing wall removal north shore,local expansion,structural wall removal,Structural Wall Removal Sydney,local seo,service page,,,,,,Commercial,,,,,,,,,,,,,,,,,,,,,,,
au,load bearing wall removal chatswood,local expansion,structural wall removal,Structural Wall Removal Sydney,local seo,service page,,,,,,Commercial,,,,,,,,,,,,,,,,,,,,,,,
au,load bearing wall removal lane cove,local expansion,structural wall removal,Structural Wall Removal Sydney,local seo,service page,,,,,,Commercial,,,,,,,,,,,,,,,,,,,,,,,
au,load bearing wall removal willoughby,local expansion,structural wall removal,Structural Wall Removal Sydney,local seo,service page,,,,,,Commercial,,,,,,,,,,,,,,,,,,,,,,,
au,load bearing wall removal mosman,local expansion,structural wall removal,Structural Wall Removal Sydney,local seo,service page,,,,,,Commercial,,,,,,,,,,,,,,,,,,,,,,,
au,load bearing wall removal parramatta,local expansion,structural wall removal,Structural Wall Removal Sydney,local seo,service page,,,,,,Commercial,,,,,,,,,,,,,,,,,,,,,,,
au,load bearing wall removal hills district,local expansion,structural wall removal,Structural Wall Removal Sydney,local seo,service page,,,,,,Commercial,,,,,,,,,,,,,,,,,,,,,,,
au,load bearing wall removal castle hill,local expansion,structural wall removal,Structural Wall Removal Sydney,local seo,service page,,,,,,Commercial,,,,,,,,,,,,,,,,,,,,,,,
au,load bearing wall removal baulkham hills,local expansion,structural wall removal,Structural Wall Removal Sydney,local seo,service page,,,,,,Commercial,,,,,,,,,,,,,,,,,,,,,,,
au,load bearing wall removal epping,local expansion,structural wall removal,Structural Wall Removal Sydney,local seo,service page,,,,,,Commercial,,,,,,,,,,,,,,,,,,,,,,,
au,load bearing wall removal carlingford,local expansion,structural wall removal,Structural Wall Removal Sydney,local seo,service page,,,,,,Commercial,,,,,,,,,,,,,,,,,,,,,,,
au,wall removal ryde,local expansion,structural wall removal,Structural Wall Removal Sydney,local seo,service page,,,,,,Commercial,,,,,,,,,,,,,,,,,,,,,,,
au,wall removal north ryde,local expansion,structural wall removal,Structural Wall Removal Sydney,local seo,service page,,,,,,Commercial,,,,,,,,,,,,,,,,,,,,,,,
au,wall removal west ryde,local expansion,structural wall removal,Structural Wall Removal Sydney,local seo,service page,,,,,,Commercial,,,,,,,,,,,,,,,,,,,,,,,
au,wall removal gladesville,local expansion,structural wall removal,Structural Wall Removal Sydney,local seo,service page,,,,,,Commercial,,,,,,,,,,,,,,,,,,,,,,,
au,wall removal hunters hill,local expansion,structural wall removal,Structural Wall Removal Sydney,local seo,service page,,,,,,Commercial,,,,,,,,,,,,,,,,,,,,,,,
au,wall removal drummoyne,local expansion,structural wall removal,Structural Wall Removal Sydney,local seo,service page,,,,,,Commercial,,,,,,,,,,,,,,,,,,,,,,,
au,wall removal five dock,local expansion,structural wall removal,Structural Wall Removal Sydney,local seo,service page,,,,,,Commercial,,,,,,,,,,,,,,,,,,,,,,,
au,wall removal concord,local expansion,structural wall removal,Structural Wall Removal Sydney,local seo,service page,,,,,,Commercial,,,,,,,,,,,,,,,,,,,,,,,
au,wall removal balmain,local expansion,structural wall removal,Structural Wall Removal Sydney,local seo,service page,,,,,,Commercial,,,,,,,,,,,,,,,,,,,,,,,
au,wall removal rozelle,local expansion,structural wall removal,Structural Wall Removal Sydney,local seo,service page,,,,,,Commercial,,,,,,,,,,,,,,,,,,,,,,,
au,wall removal leichhardt,local expansion,structural wall removal,Structural Wall Removal Sydney,local seo,service page,,,,,,Commercial,,,,,,,,,,,,,,,,,,,,,,,
au,wall removal inner west,local expansion,structural wall removal,Structural Wall Removal Sydney,local seo,service page,,,,,,Commercial,,,,,,,,,,,,,,,,,,,,,,,
au,wall removal north shore,local expansion,structural wall removal,Structural Wall Removal Sydney,local seo,service page,,,,,,Commercial,,,,,,,,,,,,,,,,,,,,,,,
au,wall removal chatswood,local expansion,structural wall removal,Structural Wall Removal Sydney,local seo,service page,,,,,,Commercial,,,,,,,,,,,,,,,,,,,,,,,
au,wall removal lane cove,local expansion,structural wall removal,Structural Wall Removal Sydney,local seo,service page,,,,,,Commercial,,,,,,,,,,,,,,,,,,,,,,,
au,wall removal willoughby,local expansion,structural wall removal,Structural Wall Removal Sydney,local seo,service page,,,,,,Commercial,,,,,,,,,,,,,,,,,,,,,,,
au,wall removal mosman,local expansion,structural wall removal,Structural Wall Removal Sydney,local seo,service page,,,,,,Commercial,,,,,,,,,,,,,,,,,,,,,,,
au,wall removal parramatta,local expansion,structural wall removal,Structural Wall Removal Sydney,local seo,service page,,,,,,Commercial,,,,,,,,,,,,,,,,,,,,,,,
au,wall removal hills district,local expansion,structural wall removal,Structural Wall Removal Sydney,local seo,service page,,,,,,Commercial,,,,,,,,,,,,,,,,,,,,,,,
au,wall removal castle hill,local expansion,structural wall removal,Structural Wall Removal Sydney,local seo,service page,,,,,,Commercial,,,,,,,,,,,,,,,,,,,,,,,
au,wall removal baulkham hills,local expansion,structural wall removal,Structural Wall Removal Sydney,local seo,service page,,,,,,Commercial,,,,,,,,,,,,,,,,,,,,,,,
au,wall removal epping,local expansion,structural wall removal,Structural Wall Removal Sydney,local seo,service page,,,,,,Commercial,,,,,,,,,,,,,,,,,,,,,,,
au,wall removal carlingford,local expansion,structural wall removal,Structural Wall Removal Sydney,local seo,service page,,,,,,Commercial,,,,,,,,,,,,,,,,,,,,,,,
au,fix out carpenter ryde,local expansion,fix out carpenter,Fix Out Carpenter Sydney,local seo,service page,,,,,,Commercial,,,,,,,,,,,,,,,,,,,,,,,
au,fix out carpenter north ryde,local expansion,fix out carpenter,Fix Out Carpenter Sydney,local seo,service page,,,,,,Commercial,,,,,,,,,,,,,,,,,,,,,,,
au,fix out carpenter west ryde,local expansion,fix out carpenter,Fix Out Carpenter Sydney,local seo,service page,,,,,,Commercial,,,,,,,,,,,,,,,,,,,,,,,
au,fix out carpenter gladesville,local expansion,fix out carpenter,Fix Out Carpenter Sydney,local seo,service page,,,,,,Commercial,,,,,,,,,,,,,,,,,,,,,,,
au,fix out carpenter hunters hill,local expansion,fix out carpenter,Fix Out Carpenter Sydney,local seo,service page,,,,,,Commercial,,,,,,,,,,,,,,,,,,,,,,,
au,fix out carpenter drummoyne,local expansion,fix out carpenter,Fix Out Carpenter Sydney,local seo,service page,,,,,,Commercial,,,,,,,,,,,,,,,,,,,,,,,
au,fix out carpenter five dock,local expansion,fix out carpenter,Fix Out Carpenter Sydney,local seo,service page,,,,,,Commercial,,,,,,,,,,,,,,,,,,,,,,,
au,fix out carpenter concord,local expansion,fix out carpenter,Fix Out Carpenter Sydney,local seo,service page,,,,,,Commercial,,,,,,,,,,,,,,,,,,,,,,,
au,fix out carpenter balmain,local expansion,fix out carpenter,Fix Out Carpenter Sydney,local seo,service page,,,,,,Commercial,,,,,,,,,,,,,,,,,,,,,,,
au,fix out carpenter rozelle,local expansion,fix out carpenter,Fix Out Carpenter Sydney,local seo,service page,,,,,,Commercial,,,,,,,,,,,,,,,,,,,,,,,
au,fix out carpenter leichhardt,local expansion,fix out carpenter,Fix Out Carpenter Sydney,local seo,service page,,,,,,Commercial,,,,,,,,,,,,,,,,,,,,,,,
au,fix out carpenter inner west,local expansion,fix out carpenter,Fix Out Carpenter Sydney,local seo,service page,,,,,,Commercial,,,,,,,,,,,,,,,,,,,,,,,
au,fix out carpenter north shore,local expansion,fix out carpenter,Fix Out Carpenter Sydney,local seo,service page,,,,,,Commercial,,,,,,,,,,,,,,,,,,,,,,,
au,fix out carpenter chatswood,local expansion,fix out carpenter,Fix Out Carpenter Sydney,local seo,service page,,,,,,Commercial,,,,,,,,,,,,,,,,,,,,,,,
au,fix out carpenter lane cove,local expansion,fix out carpenter,Fix Out Carpenter Sydney,local seo,service page,,,,,,Commercial,,,,,,,,,,,,,,,,,,,,,,,
au,fix out carpenter willoughby,local expansion,fix out carpenter,Fix Out Carpenter Sydney,local seo,service page,,,,,,Commercial,,,,,,,,,,,,,,,,,,,,,,,
au,fix out carpenter mosman,local expansion,fix out carpenter,Fix Out Carpenter Sydney,local seo,service page,,,,,,Commercial,,,,,,,,,,,,,,,,,,,,,,,
au,fix out carpenter parramatta,local expansion,fix out carpenter,Fix Out Carpenter Sydney,local seo,service page,,,,,,Commercial,,,,,,,,,,,,,,,,,,,,,,,
au,fix out carpenter hills district,local expansion,fix out carpenter,Fix Out Carpenter Sydney,local seo,service page,,,,,,Commercial,,,,,,,,,,,,,,,,,,,,,,,
au,fix out carpenter castle hill,local expansion,fix out carpenter,Fix Out Carpenter Sydney,local seo,service page,,,,,,Commercial,,,,,,,,,,,,,,,,,,,,,,,
au,fix out carpenter baulkham hills,local expansion,fix out carpenter,Fix Out Carpenter Sydney,local seo,service page,,,,,,Commercial,,,,,,,,,,,,,,,,,,,,,,,
au,fix out carpenter epping,local expansion,fix out carpenter,Fix Out Carpenter Sydney,local seo,service page,,,,,,Commercial,,,,,,,,,,,,,,,,,,,,,,,
au,fix out carpenter carlingford,local expansion,fix out carpenter,Fix Out Carpenter Sydney,local seo,service page,,,,,,Commercial,,,,,,,,,,,,,,,,,,,,,,,
au,timber framing ryde,local expansion,timber framing,Timber Framing Sydney,local seo,service page,,,,,,Commercial,,,,,,,,,,,,,,,,,,,,,,,
au,timber framing north ryde,local expansion,timber framing,Timber Framing Sydney,local seo,service page,,,,,,Commercial,,,,,,,,,,,,,,,,,,,,,,,
au,timber framing west ryde,local expansion,timber framing,Timber Framing Sydney,local seo,service page,,,,,,Commercial,,,,,,,,,,,,,,,,,,,,,,,
au,timber framing gladesville,local expansion,timber framing,Timber Framing Sydney,local seo,service page,,,,,,Commercial,,,,,,,,,,,,,,,,,,,,,,,
au,timber framing hunters hill,local expansion,timber framing,Timber Framing Sydney,local seo,service page,,,,,,Commercial,,,,,,,,,,,,,,,,,,,,,,,
au,timber framing drummoyne,local expansion,timber framing,Timber Framing Sydney,local seo,service page,,,,,,Commercial,,,,,,,,,,,,,,,,,,,,,,,
au,timber framing five dock,local expansion,timber framing,Timber Framing Sydney,local seo,service page,,,,,,Commercial,,,,,,,,,,,,,,,,,,,,,,,
au,timber framing concord,local expansion,timber framing,Timber Framing Sydney,local seo,service page,,,,,,Commercial,,,,,,,,,,,,,,,,,,,,,,,
au,timber framing balmain,local expansion,timber framing,Timber Framing Sydney,local seo,service page,,,,,,Commercial,,,,,,,,,,,,,,,,,,,,,,,
au,timber framing rozelle,local expansion,timber framing,Timber Framing Sydney,local seo,service page,,,,,,Commercial,,,,,,,,,,,,,,,,,,,,,,,
au,timber framing leichhardt,local expansion,timber framing,Timber Framing Sydney,local seo,service page,,,,,,Commercial,,,,,,,,,,,,,,,,,,,,,,,
au,timber framing inner west,local expansion,timber framing,Timber Framing Sydney,local seo,service page,,,,,,Commercial,,,,,,,,,,,,,,,,,,,,,,,
au,timber framing north shore,local expansion,timber framing,Timber Framing Sydney,local seo,service page,,,,,,Commercial,,,,,,,,,,,,,,,,,,,,,,,
au,timber framing chatswood,local expansion,timber framing,Timber Framing Sydney,local seo,service page,,,,,,Commercial,,,,,,,,,,,,,,,,,,,,,,,
au,timber framing lane cove,local expansion,timber framing,Timber Framing Sydney,local seo,service page,,,,,,Commercial,,,,,,,,,,,,,,,,,,,,,,,
au,timber framing willoughby,local expansion,timber framing,Timber Framing Sydney,local seo,service page,,,,,,Commercial,,,,,,,,,,,,,,,,,,,,,,,
au,timber framing mosman,local expansion,timber framing,Timber Framing Sydney,local seo,service page,,,,,,Commercial,,,,,,,,,,,,,,,,,,,,,,,
au,timber framing parramatta,local expansion,timber framing,Timber Framing Sydney,local seo,service page,,,,,,Commercial,,,,,,,,,,,,,,,,,,,,,,,
au,timber framing hills district,local expansion,timber framing,Timber Framing Sydney,local seo,service page,,,,,,Commercial,,,,,,,,,,,,,,,,,,,,,,,
au,timber framing castle hill,local expansion,timber framing,Timber Framing Sydney,local seo,service page,,,,,,Commercial,,,,,,,,,,,,,,,,,,,,,,,
au,timber framing baulkham hills,local expansion,timber framing,Timber Framing Sydney,local seo,service page,,,,,,Commercial,,,,,,,,,,,,,,,,,,,,,,,
au,timber framing epping,local expansion,timber framing,Timber Framing Sydney,local seo,service page,,,,,,Commercial,,,,,,,,,,,,,,,,,,,,,,,
au,timber framing carlingford,local expansion,timber framing,Timber Framing Sydney,local seo,service page,,,,,,Commercial,,,,,,,,,,,,,,,,,,,,,,,
au,restumping north ryde,local expansion,restumping,Restumping Sydney,local seo,service page,,,,,,Commercial,,,,,,,,,,,,,,,,,,,,,,,
au,restumping west ryde,local expansion,restumping,Restumping Sydney,local seo,service page,,,,,,Commercial,,,,,,,,,,,,,,,,,,,,,,,
au,restumping gladesville,local expansion,restumping,Restumping Sydney,local seo,service page,,,,,,Commercial,,,,,,,,,,,,,,,,,,,,,,,
au,restumping hunters hill,local expansion,restumping,Restumping Sydney,local seo,service page,,,,,,Commercial,,,,,,,,,,,,,,,,,,,,,,,
au,restumping drummoyne,local expansion,restumping,Restumping Sydney,local seo,service page,,,,,,Commercial,,,,,,,,,,,,,,,,,,,,,,,
au,restumping five dock,local expansion,restumping,Restumping Sydney,local seo,service page,,,,,,Commercial,,,,,,,,,,,,,,,,,,,,,,,
au,restumping concord,local expansion,restumping,Restumping Sydney,local seo,service page,,,,,,Commercial,,,,,,,,,,,,,,,,,,,,,,,
au,restumping balmain,local expansion,restumping,Restumping Sydney,local seo,service page,,,,,,Commercial,,,,,,,,,,,,,,,,,,,,,,,
au,restumping rozelle,local expansion,restumping,Restumping Sydney,local seo,service page,,,,,,Commercial,,,,,,,,,,,,,,,,,,,,,,,
au,restumping leichhardt,local expansion,restumping,Restumping Sydney,local seo,service page,,,,,,Commercial,,,,,,,,,,,,,,,,,,,,,,,
au,restumping inner west,local expansion,restumping,Restumping Sydney,local seo,service page,,,,,,Commercial,,,,,,,,,,,,,,,,,,,,,,,
au,restumping north shore,local expansion,restumping,Restumping Sydney,local seo,service page,,,,,,Commercial,,,,,,,,,,,,,,,,,,,,,,,
au,restumping chatswood,local expansion,restumping,Restumping Sydney,local seo,service page,,,,,,Commercial,,,,,,,,,,,,,,,,,,,,,,,
au,restumping lane cove,local expansion,restumping,Restumping Sydney,local seo,service page,,,,,,Commercial,,,,,,,,,,,,,,,,,,,,,,,
au,restumping willoughby,local expansion,restumping,Restumping Sydney,local seo,service page,,,,,,Commercial,,,,,,,,,,,,,,,,,,,,,,,
au,restumping mosman,local expansion,restumping,Restumping Sydney,local seo,service page,,,,,,Commercial,,,,,,,,,,,,,,,,,,,,,,,
au,restumping parramatta,local expansion,restumping,Restumping Sydney,local seo,service page,,,,,,Commercial,,,,,,,,,,,,,,,,,,,,,,,
au,restumping hills district,local expansion,restumping,Restumping Sydney,local seo,service page,,,,,,Commercial,,,,,,,,,,,,,,,,,,,,,,,
au,restumping castle hill,local expansion,restumping,Restumping Sydney,local seo,service page,,,,,,Commercial,,,,,,,,,,,,,,,,,,,,,,,
au,restumping baulkham hills,local expansion,restumping,Restumping Sydney,local seo,service page,,,,,,Commercial,,,,,,,,,,,,,,,,,,,,,,,
au,restumping carlingford,local expansion,restumping,Restumping Sydney,local seo,service page,,,,,,Commercial,,,,,,,,,,,,,,,,,,,,,,,
au,subfloor repairs ryde,local expansion,restumping,Restumping Sydney,local seo,service page,,,,,,Commercial,,,,,,,,,,,,,,,,,,,,,,,
au,subfloor repairs north ryde,local expansion,restumping,Restumping Sydney,local seo,service page,,,,,,Commercial,,,,,,,,,,,,,,,,,,,,,,,
au,subfloor repairs west ryde,local expansion,restumping,Restumping Sydney,local seo,service page,,,,,,Commercial,,,,,,,,,,,,,,,,,,,,,,,
au,subfloor repairs gladesville,local expansion,restumping,Restumping Sydney,local seo,service page,,,,,,Commercial,,,,,,,,,,,,,,,,,,,,,,,
au,subfloor repairs hunters hill,local expansion,restumping,Restumping Sydney,local seo,service page,,,,,,Commercial,,,,,,,,,,,,,,,,,,,,,,,
au,subfloor repairs drummoyne,local expansion,restumping,Restumping Sydney,local seo,service page,,,,,,Commercial,,,,,,,,,,,,,,,,,,,,,,,
au,subfloor repairs five dock,local expansion,restumping,Restumping Sydney,local seo,service page,,,,,,Commercial,,,,,,,,,,,,,,,,,,,,,,,
au,subfloor repairs concord,local expansion,restumping,Restumping Sydney,local seo,service page,,,,,,Commercial,,,,,,,,,,,,,,,,,,,,,,,
au,subfloor repairs balmain,local expansion,restumping,Restumping Sydney,local seo,service page,,,,,,Commercial,,,,,,,,,,,,,,,,,,,,,,,
au,subfloor repairs rozelle,local expansion,restumping,Restumping Sydney,local seo,service page,,,,,,Commercial,,,,,,,,,,,,,,,,,,,,,,,
au,subfloor repairs leichhardt,local expansion,restumping,Restumping Sydney,local seo,service page,,,,,,Commercial,,,,,,,,,,,,,,,,,,,,,,,
au,subfloor repairs inner west,local expansion,restumping,Restumping Sydney,local seo,service page,,,,,,Commercial,,,,,,,,,,,,,,,,,,,,,,,
au,subfloor repairs north shore,local expansion,restumping,Restumping Sydney,local seo,service page,,,,,,Commercial,,,,,,,,,,,,,,,,,,,,,,,
au,subfloor repairs chatswood,local expansion,restumping,Restumping Sydney,local seo,service page,,,,,,Commercial,,,,,,,,,,,,,,,,,,,,,,,
au,subfloor repairs lane cove,local expansion,restumping,Restumping Sydney,local seo,service page,,,,,,Commercial,,,,,,,,,,,,,,,,,,,,,,,
au,subfloor repairs willoughby,local expansion,restumping,Restumping Sydney,local seo,service page,,,,,,Commercial,,,,,,,,,,,,,,,,,,,,,,,
au,subfloor repairs mosman,local expansion,restumping,Restumping Sydney,local seo,service page,,,,,,Commercial,,,,,,,,,,,,,,,,,,,,,,,
au,subfloor repairs parramatta,local expansion,restumping,Restumping Sydney,local seo,service page,,,,,,Commercial,,,,,,,,,,,,,,,,,,,,,,,
au,subfloor repairs hills district,local expansion,restumping,Restumping Sydney,local seo,service page,,,,,,Commercial,,,,,,,,,,,,,,,,,,,,,,,
au,subfloor repairs castle hill,local expansion,restumping,Restumping Sydney,local seo,service page,,,,,,Commercial,,,,,,,,,,,,,,,,,,,,,,,
au,subfloor repairs baulkham hills,local expansion,restumping,Restumping Sydney,local seo,service page,,,,,,Commercial,,,,,,,,,,,,,,,,,,,,,,,
au,subfloor repairs epping,local expansion,restumping,Restumping Sydney,local seo,service page,,,,,,Commercial,,,,,,,,,,,,,,,,,,,,,,,
au,subfloor repairs carlingford,local expansion,restumping,Restumping Sydney,local seo,service page,,,,,,Commercial,,,,,,,,,,,,,,,,,,,,,,,
